memory,r_deg,i_deg,score,n_coef
1,1,1,0.9486896021197211,4
1,1,2,0.8204672274738551,6
1,1,3,0.8108712563544244,8
1,1,4,0.8059804448733163,10
1,1,5,0.8059563517800609,12
1,1,6,0.8057214531307884,14
1,1,7,0.8056663850073968,16
1,1,8,0.8055420443675536,18
1,1,9,0.8044311623785454,20
1,1,10,0.8041344602623833,22
1,1,11,0.7985061291378259,24
1,1,12,0.7947996919276741,26
1,1,13,0.7899345974334209,28
1,1,14,0.7854853309284332,30
1,1,15,0.7835621280022328,32
1,2,1,0.8210061558586913,6
1,2,2,0.4534137867844733,8
1,2,3,0.43770347406612103,10
1,2,4,0.4334853057829089,12
1,2,5,0.4329635937797434,14
1,2,6,0.43237274630274775,16
1,2,7,0.43226314490148093,18
1,2,8,0.43213619255972757,20
1,2,9,0.43087786484367946,22
1,2,10,0.4301858584223721,24
1,2,11,0.42656171120052044,26
1,2,12,0.42635442882552926,28
1,2,13,0.4248855499252031,30
1,2,14,0.42474747014089964,32
1,2,15,0.42292602122736794,34
1,3,1,0.8112682527856706,8
1,3,2,0.4375744839726852,10
1,3,3,0.41822150156047927,12
1,3,4,0.4086663839303495,14
1,3,5,0.4083981934080385,16
1,3,6,0.40805460665324894,18
1,3,7,0.40780111333806046,20
1,3,8,0.40768682327189765,22
1,3,9,0.4064752075522168,24
1,3,10,0.4059835734648801,26
1,3,11,0.4031734013334089,28
1,3,12,0.40312433750925286,30
1,3,13,0.40125270113427464,32
1,3,14,0.4012335190072222,34
1,3,15,0.400894123155085,36
1,4,1,0.8065771896612929,10
1,4,2,0.4333403034785978,12
1,4,3,0.4086320294971084,14
1,4,4,0.39863606234910526,16
1,4,5,0.3985351604428244,18
1,4,6,0.39822394695092245,20
1,4,7,0.3979986729145416,22
1,4,8,0.3978632633870991,24
1,4,9,0.39665983510418096,26
1,4,10,0.3961457598614567,28
1,4,11,0.3932825840312257,30
1,4,12,0.3932785685352786,32
1,4,13,0.391362039245791,34
1,4,14,0.3913401221979409,36
1,4,15,0.3910508683537401,38
1,5,1,0.8065395850577447,12
1,5,2,0.4327694877902206,14
1,5,3,0.40841042342134903,16
1,5,4,0.3985666514730053,18
1,5,5,0.398445040175005,20
1,5,6,0.3981339244246138,22
1,5,7,0.39789425231673464,24
1,5,8,0.3977493097202577,26
1,5,9,0.39655082840023614,28
1,5,10,0.396037215224741,30
1,5,11,0.39316719984984777,32
1,5,12,0.3931655517983884,34
1,5,13,0.39125549517778974,36
1,5,14,0.3912344327985496,38
1,5,15,0.39093367540793966,40
1,6,1,0.8063172233163485,14
1,6,2,0.4320229126179182,16
1,6,3,0.40796697684448363,18
1,6,4,0.39817080011515094,20
1,6,5,0.39804801588785704,22
1,6,6,0.3977090168574973,24
1,6,7,0.39746397736851985,26
1,6,8,0.3973325708156964,28
1,6,9,0.3961328849931428,30
1,6,10,0.39559637325480457,32
1,6,11,0.3926999466595302,34
1,6,12,0.39269236591871515,36
1,6,13,0.39077887813489176,38
1,6,14,0.39075686942125165,40
1,6,15,0.3904513259605682,42
1,7,1,0.8062906540027075,16
1,7,2,0.43199753585782563,18
1,7,3,0.40782661528658176,20
1,7,4,0.39806603242279787,22
1,7,5,0.39793702276330883,24
1,7,6,0.3975968167143822,26
1,7,7,0.3973306034031127,28
1,7,8,0.3971996191303742,30
1,7,9,0.39603479109713063,32
1,7,10,0.3954971614732083,34
1,7,11,0.3925821320963486,36
1,7,12,0.3925773661736822,38
1,7,13,0.39065381386471804,40
1,7,14,0.3906329556538782,42
1,7,15,0.39033147530397105,44
1,8,1,0.8062123529024898,18
1,8,2,0.4319206785000227,20
1,8,3,0.40776456452864185,22
1,8,4,0.39797863871625083,24
1,8,5,0.39784269079311163,26
1,8,6,0.39751381232586264,28
1,8,7,0.39724517779501667,30
1,8,8,0.39710257078427885,32
1,8,9,0.39589418282990396,34
1,8,10,0.39538238368007966,36
1,8,11,0.3924754808758017,38
1,8,12,0.3924681780954379,40
1,8,13,0.3905484940550655,42
1,8,14,0.3905284769994389,44
1,8,15,0.3902306184100749,46
1,9,1,0.8052120833404768,20
1,9,2,0.4309248725525009,22
1,9,3,0.4067377837900723,24
1,9,4,0.39695019221511346,26
1,9,5,0.3968140410835801,28
1,9,6,0.3964837173141367,30
1,9,7,0.39624907965835954,32
1,9,8,0.39605875143971203,34
1,9,9,0.3948430564508184,36
1,9,10,0.39433966133066034,38
1,9,11,0.3913334745495514,40
1,9,12,0.39130732363804616,42
1,9,13,0.38930331502663135,44
1,9,14,0.3892781014341393,46
1,9,15,0.38898283403990014,48
1,10,1,0.8049287662105478,22
1,10,2,0.42994856283012034,24
1,10,3,0.40603846014198036,26
1,10,4,0.3962293536055584,28
1,10,5,0.39608567993605337,30
1,10,6,0.3957180010233025,32
1,10,7,0.3954814274322322,34
1,10,8,0.3953158618915998,36
1,10,9,0.394099770125066,38
1,10,10,0.3935898637789598,40
1,10,11,0.3905326836091295,42
1,10,12,0.39051835486455594,44
1,10,13,0.3885229179784562,46
1,10,14,0.3885007168761708,48
1,10,15,0.3882054072322138,50
1,11,1,0.7999267816115421,24
1,11,2,0.4266707018641335,26
1,11,3,0.4035511677164926,28
1,11,4,0.3936991247311828,30
1,11,5,0.39356863118911667,32
1,11,6,0.3931700457972566,34
1,11,7,0.39293113072042174,36
1,11,8,0.39277915531762747,38
1,11,9,0.3914649810537433,40
1,11,10,0.39089734594025743,42
1,11,11,0.38775939635844964,44
1,11,12,0.3877466022516296,46
1,11,13,0.38569816081138797,48
1,11,14,0.3856767367254778,50
1,11,15,0.3853391434945681,52
1,12,1,0.7959902846094108,26
1,12,2,0.42671430394850157,28
1,12,3,0.40350004326508426,30
1,12,4,0.3937003948067743,32
1,12,5,0.3935654945744346,34
1,12,6,0.39315247022103905,36
1,12,7,0.392919372813545,38
1,12,8,0.39276567629810355,40
1,12,9,0.39143038493171706,42
1,12,10,0.39087283359120056,44
1,12,11,0.38773735573120566,46
1,12,12,0.3877305699857404,48
1,12,13,0.3856818454512827,50
1,12,14,0.3856664842807941,52
1,12,15,0.385327338610996,54
1,13,1,0.7918941111630795,28
1,13,2,0.42465911339545526,30
1,13,3,0.40132993280822793,32
1,13,4,0.3914501177994759,34
1,13,5,0.3913095167233426,36
1,13,6,0.39088526534157686,38
1,13,7,0.39064039330280315,40
1,13,8,0.39048836606064335,42
1,13,9,0.38907553657818605,44
1,13,10,0.38851741156399655,46
1,13,11,0.3853407459843546,48
1,13,12,0.3853383634259511,50
1,13,13,0.3832233715943406,52
1,13,14,0.3831971670248776,54
1,13,15,0.38280614799231955,56
1,14,1,0.7868006005270353,30
1,14,2,0.42446599026530246,32
1,14,3,0.40131568710558085,34
1,14,4,0.39143092423639303,36
1,14,5,0.3912918441662972,38
1,14,6,0.390868961267336,40
1,14,7,0.3906256603638921,42
1,14,8,0.3904746326832435,44
1,14,9,0.3890541580993984,46
1,14,10,0.38849886216150475,48
1,14,11,0.3853253504601936,50
1,14,12,0.38532744784201295,52
1,14,13,0.3832058977147767,54
1,14,14,0.3831843724228955,56
1,14,15,0.38279219678159754,58
1,15,1,0.7853882422143841,32
1,15,2,0.4234037689045844,34
1,15,3,0.4011661271350919,36
1,15,4,0.3912997986287904,38
1,15,5,0.39115796318405877,40
1,15,6,0.3907345110794545,42
1,15,7,0.39048782524659137,44
1,15,8,0.39033924194497077,46
1,15,9,0.38891933945972607,48
1,15,10,0.3883638163741839,50
1,15,11,0.3851488374774669,52
1,15,12,0.38515380218153633,54
1,15,13,0.3829787402358894,56
1,15,14,0.3829551221713935,58
1,15,15,0.38256940019207625,60
2,1,1,0.9488160048069191,6
2,1,2,0.7372961281688296,9
2,1,3,0.7043357807288112,12
2,1,4,0.6829329128971175,15
2,1,5,0.6817694433764027,18
2,1,6,0.6814381494432673,21
2,1,7,0.6814161297803174,24
2,1,8,0.681353613173413,27
2,1,9,0.681306600282127,30
2,1,10,0.6811122751426139,33
2,1,11,0.679661825786738,36
2,1,12,0.6788308033862392,39
2,1,13,0.6783379056436974,42
2,1,14,0.6779412394781644,45
2,1,15,0.6774186205750208,48
2,2,1,0.739161873721288,9
2,2,2,0.40075430847373356,12
2,2,3,0.3850442859922737,15
2,2,4,0.33361025136698896,18
2,2,5,0.3274817917900369,21
2,2,6,0.3265521105070483,24
2,2,7,0.3262720593742203,27
2,2,8,0.3258869993224492,30
2,2,9,0.3257048129593039,33
2,2,10,0.32509594527817076,36
2,2,11,0.32484467412380275,39
2,2,12,0.3248373623498312,42
2,2,13,0.3244640269032458,45
2,2,14,0.3244518368225979,48
2,2,15,0.32418287371704657,51
2,3,1,0.7052375317709819,12
2,3,2,0.38505206478022125,15
2,3,3,0.3687823931091766,18
2,3,4,0.3159769293864785,21
2,3,5,0.3070432339811522,24
2,3,6,0.30568851302792116,27
2,3,7,0.3051124221520436,30
2,3,8,0.30444225643231654,33
2,3,9,0.3043132434697311,36
2,3,10,0.30382134587922194,39
2,3,11,0.3036064627878272,42
2,3,12,0.30351804586157,45
2,3,13,0.30326068978216053,48
2,3,14,0.3032122703990976,51
2,3,15,0.30308731122787846,54
2,4,1,0.6845774388845749,15
2,4,2,0.33494842552478926,18
2,4,3,0.317640471786231,21
2,4,4,0.22221363016041268,24
2,4,5,0.21233247463327518,27
2,4,6,0.21102050070919884,30
2,4,7,0.21073220450439728,33
2,4,8,0.21058063234030036,36
2,4,9,0.2103006933931725,39
2,4,10,0.20920892881362904,42
2,4,11,0.20867576390463607,45
2,4,12,0.20862230282459535,48
2,4,13,0.20834723387117374,51
2,4,14,0.20814138993017098,54
2,4,15,0.20780356454954782,57
2,5,1,0.683330641922348,18
2,5,2,0.3288560831314681,21
2,5,3,0.3088591782194289,24
2,5,4,0.21274674565016183,27
2,5,5,0.20617539393147244,30
2,5,6,0.20470950470643076,33
2,5,7,0.204465332578499,36
2,5,8,0.20431590558596235,39
2,5,9,0.20412902647260076,42
2,5,10,0.2030289190637628,45
2,5,11,0.20244096094061634,48
2,5,12,0.2023915754382964,51
2,5,13,0.20216006602075384,54
2,5,14,0.20195560619880512,57
2,5,15,0.20171814136876276,60
2,6,1,0.6829155816400454,21
2,6,2,0.32784565833810314,24
2,6,3,0.3074793331263956,27
2,6,4,0.21112991353659155,30
2,6,5,0.20428552150475154,33
2,6,6,0.20263050488385806,36
2,6,7,0.2022817143184004,39
2,6,8,0.20211262414411485,42
2,6,9,0.20202565169593956,45
2,6,10,0.20101909621628344,48
2,6,11,0.2003169778962417,51
2,6,12,0.20030064828231076,54
2,6,13,0.20007266528619677,57
2,6,14,0.19986323755486804,60
2,6,15,0.1996462419141574,63
2,7,1,0.6828858058652977,24
2,7,2,0.3276222442199296,27
2,7,3,0.3069937131142476,30
2,7,4,0.21080923696046036,33
2,7,5,0.20404047499002964,36
2,7,6,0.2022635673252562,39
2,7,7,0.2019455236714314,42
2,7,8,0.20181301593370893,45
2,7,9,0.2017697173423419,48
2,7,10,0.20075288746189054,51
2,7,11,0.20009214026348984,54
2,7,12,0.20007300402331027,57
2,7,13,0.19984306728173568,60
2,7,14,0.1996341647491937,63
2,7,15,0.19942215662053517,66
2,8,1,0.6828395959722621,27
2,8,2,0.3273129144385801,30
2,8,3,0.30641088647687587,33
2,8,4,0.21065952155572001,36
2,8,5,0.20390753155172983,39
2,8,6,0.2021072088344021,42
2,8,7,0.20181861503381945,45
2,8,8,0.2016492588671858,48
2,8,9,0.20160200327049047,51
2,8,10,0.2005760274027524,54
2,8,11,0.19991840414421738,57
2,8,12,0.19989594472000638,60
2,8,13,0.1996738850532944,63
2,8,14,0.19947586687917243,66
2,8,15,0.19926831810182014,69
2,9,1,0.682812583611238,30
2,9,2,0.327152705993466,33
2,9,3,0.30632071732999416,36
2,9,4,0.2103297848804577,39
2,9,5,0.20370264989941045,42
2,9,6,0.20199662298529694,45
2,9,7,0.20175510815215933,48
2,9,8,0.2015861741960113,51
2,9,9,0.20152823414175663,54
2,9,10,0.2004946358587551,57
2,9,11,0.1997797574911638,60
2,9,12,0.199753034435057,63
2,9,13,0.19951270588514844,66
2,9,14,0.19928305798389978,69
2,9,15,0.19907128587976647,72
2,10,1,0.6826307067173848,33
2,10,2,0.3263347683034524,36
2,10,3,0.3056370457772848,39
2,10,4,0.20906464838961258,42
2,10,5,0.20240387219898978,45
2,10,6,0.20078615428324004,48
2,10,7,0.20053726478574252,51
2,10,8,0.20035124653532851,54
2,10,9,0.20028506545168084,57
2,10,10,0.19913317527959867,60
2,10,11,0.19837734359546855,63
2,10,12,0.1983520626028809,66
2,10,13,0.19813584201527884,69
2,10,14,0.19791528184749568,72
2,10,15,0.19769468563102657,75
2,11,1,0.6813109842874151,36
2,11,2,0.3260907106996174,39
2,11,3,0.30543241819922595,42
2,11,4,0.20852263531073803,45
2,11,5,0.20180233371366163,48
2,11,6,0.20008824685738513,51
2,11,7,0.1998834912102825,54
2,11,8,0.19969424479085285,57
2,11,9,0.19957371957159933,60
2,11,10,0.1983831804252764,63
2,11,11,0.19762424427557373,66
2,11,12,0.19758791836829198,69
2,11,13,0.1973644265518786,72
2,11,14,0.19714391414468926,75
2,11,15,0.19689694361331525,78
2,12,1,0.6804049397711215,39
2,12,2,0.32610791631925196,42
2,12,3,0.3054109684324505,45
2,12,4,0.20849254015385726,48
2,12,5,0.20176631929284483,51
2,12,6,0.20008725590066254,54
2,12,7,0.1998819497668104,57
2,12,8,0.19968696520634743,60
2,12,9,0.19956615558647292,63
2,12,10,0.1983737931174843,66
2,12,11,0.19760578275814059,69
2,12,12,0.19756733244412988,72
2,12,13,0.19734071726968047,75
2,12,14,0.19712320883560255,78
2,12,15,0.1968765660008127,81
2,13,1,0.6799792144978449,42
2,13,2,0.3256500882783581,45
2,13,3,0.30508925802360726,48
2,13,4,0.2082690394119223,51
2,13,5,0.20156087031549433,54
2,13,6,0.1998693196682372,57
2,13,7,0.199668386147517,60
2,13,8,0.19948072993902788,63
2,13,9,0.1993477330920383,66
2,13,10,0.19818488018307487,69
2,13,11,0.19740835234258808,72
2,13,12,0.1973692087639964,75
2,13,13,0.19711277154888676,78
2,13,14,0.19687751279982546,81
2,13,15,0.1966222641138666,84
2,14,1,0.679540528962159,45
2,14,2,0.3256438856035221,48
2,14,3,0.30507282892375953,51
2,14,4,0.20806676639167213,54
2,14,5,0.2013981687395311,57
2,14,6,0.19971360944313818,60
2,14,7,0.1995126898943442,63
2,14,8,0.19932966151370793,66
2,14,9,0.19917261033898465,69
2,14,10,0.19801451457019542,72
2,14,11,0.19723552464143806,75
2,14,12,0.1972023213267718,78
2,14,13,0.19694184260378012,81
2,14,14,0.19673600529105387,84
2,14,15,0.19646131615875928,87
2,15,1,0.679258714419419,48
2,15,2,0.32550692724707475,51
2,15,3,0.30497524557276146,54
2,15,4,0.20778621610694573,57
2,15,5,0.20122782009285894,60
2,15,6,0.19957343663926597,63
2,15,7,0.19937435706138634,66
2,15,8,0.19919980710490645,69
2,15,9,0.19903887989599375,72
2,15,10,0.197871194875535,75
2,15,11,0.19706270064908796,78
2,15,12,0.19703069241318621,81
2,15,13,0.19674966334092833,84
2,15,14,0.19652165470602379,87
2,15,15,0.19623310155318568,90
3,1,1,0.9490224142919508,8
3,1,2,0.7156797485973602,12
3,1,3,0.5630743321461379,16
3,1,4,0.5288198653071822,20
3,1,5,0.5258305750297041,24
3,1,6,0.5253581769431589,28
3,1,7,0.5252831098219158,32
3,1,8,0.5251960435069634,36
3,1,9,0.525118015399202,40
3,1,10,0.5246505168240398,44
3,1,11,0.5227270859521931,48
3,1,12,0.5212487041704877,52
3,1,13,0.5208416688836606,56
3,1,14,0.5205196413757619,60
3,1,15,0.5198407114619806,64
3,2,1,0.7177658542005367,12
3,2,2,0.39214792676705956,16
3,2,3,0.37321397440954385,20
3,2,4,0.3151681304548699,24
3,2,5,0.3102586061150441,28
3,2,6,0.3091470544463573,32
3,2,7,0.3085059945924056,36
3,2,8,0.3080299842148123,40
3,2,9,0.30762178529070106,44
3,2,10,0.3065035012989462,48
3,2,11,0.30612143325368263,52
3,2,12,0.3060026675961338,56
3,2,13,0.3049548556148862,60
3,2,14,0.30478099741830555,64
3,2,15,0.3036373217975006,68
3,3,1,0.5655424698715245,16
3,3,2,0.37335064241980337,20
3,3,3,0.3457967038222756,24
3,3,4,0.27313526285304646,28
3,3,5,0.26457717194835084,32
3,3,6,0.26336627380837563,36
3,3,7,0.2624497287315342,40
3,3,8,0.26187031425687735,44
3,3,9,0.26147192279076564,48
3,3,10,0.2605223980413842,52
3,3,11,0.2602080841867921,56
3,3,12,0.2601531934932178,60
3,3,13,0.2595254094295015,64
3,3,14,0.25949473324349437,68
3,3,15,0.2589663707592901,72
3,4,1,0.5331841995118584,20
3,4,2,0.3164936832952652,24
3,4,3,0.2750394250072774,28
3,4,4,0.20310853473298954,32
3,4,5,0.19887006517469086,36
3,4,6,0.1962482058969265,40
3,4,7,0.19578879620606138,44
3,4,8,0.19541616774396955,48
3,4,9,0.19505601993905183,52
3,4,10,0.1933893431082583,56
3,4,11,0.19255706821409443,60
3,4,12,0.19239654941125311,64
3,4,13,0.19172835107241865,68
3,4,14,0.19164943476958488,72
3,4,15,0.1907643012515799,76
3,5,1,0.5304298586292094,24
3,5,2,0.3116532523351635,28
3,5,3,0.2666538563099483,32
3,5,4,0.19879852259936204,36
3,5,5,0.19435494359120356,40
3,5,6,0.1920473897042403,44
3,5,7,0.19167568610739738,48
3,5,8,0.19134820680237788,52
3,5,9,0.1909800992948322,56
3,5,10,0.18939042736093956,60
3,5,11,0.18866394088155497,64
3,5,12,0.18847670424596125,68
3,5,13,0.1878962792318896,72
3,5,14,0.18778989225238604,76
3,5,15,0.18707486289746547,80
3,6,1,0.5298420441378414,28
3,6,2,0.3103852825753505,32
3,6,3,0.2652780064722502,36
3,6,4,0.19571006047940537,40
3,6,5,0.19171249228449047,44
3,6,6,0.18946128484377228,48
3,6,7,0.18926128987621996,52
3,6,8,0.1888998347840227,56
3,6,9,0.18873906193021603,60
3,6,10,0.18729525157729177,64
3,6,11,0.18659144329728808,68
3,6,12,0.18643663379781542,72
3,6,13,0.1857009751634461,76
3,6,14,0.1855869675689817,80
3,6,15,0.18475273231575565,84
3,7,1,0.5297421207009575,32
3,7,2,0.30971856421015054,36
3,7,3,0.2642774829478154,40
3,7,4,0.19519474158438635,44
3,7,5,0.19135711137716205,48
3,7,6,0.1892905447233409,52
3,7,7,0.18910361687253643,56
3,7,8,0.1888189250797124,60
3,7,9,0.18867569134597303,64
3,7,10,0.18726458711110927,68
3,7,11,0.18657852735900082,72
3,7,12,0.18643624238809275,76
3,7,13,0.18571094895070395,80
3,7,14,0.18559800995005168,84
3,7,15,0.18476282482785872,88
3,8,1,0.5296774895938828,36
3,8,2,0.309294673646014,40
3,8,3,0.2636421546630504,44
3,8,4,0.1948170399698227,48
3,8,5,0.1910231808677347,52
3,8,6,0.1889721319551185,56
3,8,7,0.1888202682370452,60
3,8,8,0.1884225124530686,64
3,8,9,0.1883022636518967,68
3,8,10,0.1868358428449088,72
3,8,11,0.1861412575599914,76
3,8,12,0.18597940273685826,80
3,8,13,0.1852334463583498,84
3,8,14,0.18512717984878732,88
3,8,15,0.184300019942975,92
3,9,1,0.5295847649999116,40
3,9,2,0.30893085184676333,44
3,9,3,0.2632819062693735,48
3,9,4,0.19447212056387506,52
3,9,5,0.19069499665806688,56
3,9,6,0.1888217799332836,60
3,9,7,0.18870293623684894,64
3,9,8,0.18831769498127715,68
3,9,9,0.18820131905222115,72
3,9,10,0.18668087048933066,76
3,9,11,0.18592183818103455,80
3,9,12,0.1857835111535472,84
3,9,13,0.18501755685630583,88
3,9,14,0.18489964714457702,92
3,9,15,0.18400118655636183,96
3,10,1,0.5291237190447605,44
3,10,2,0.3073990366240781,48
3,10,3,0.262037988354011,52
3,10,4,0.19245894207660974,56
3,10,5,0.18873923196101647,60
3,10,6,0.18708042595980226,64
3,10,7,0.18695241883867372,68
3,10,8,0.18649786924183603,72
3,10,9,0.18633643681234577,76
3,10,10,0.1844030177707216,80
3,10,11,0.18354291592757294,84
3,10,12,0.1833926876980504,88
3,10,13,0.18261151055951763,92
3,10,14,0.18248423881418144,96
3,10,15,0.18145562255446712,100
3,11,1,0.5274063548899898,48
3,11,2,0.306933581601736,52
3,11,3,0.26166112343387105,56
3,11,4,0.19154240539917566,60
3,11,5,0.1879313943567049,64
3,11,6,0.1862981422787815,68
3,11,7,0.18617179132182143,72
3,11,8,0.18568613240070925,76
3,11,9,0.18543975775992433,80
3,11,10,0.18341030378284293,84
3,11,11,0.18250846853549485,88
3,11,12,0.18236632134045794,92
3,11,13,0.18157128719013105,96
3,11,14,0.18144868516149082,100
3,11,15,0.18033621035527553,104
3,12,1,0.5258787871703414,52
3,12,2,0.3068413220814207,56
3,12,3,0.26164980113532105,60
3,12,4,0.19136035581448216,64
3,12,5,0.18772556364745538,68
3,12,6,0.1860998138401545,72
3,12,7,0.18599610196116562,76
3,12,8,0.18548360338912748,80
3,12,9,0.18527476115251015,84
3,12,10,0.18326462336764981,88
3,12,11,0.1823629052599848,92
3,12,12,0.18222158970942526,96
3,12,13,0.181392144658798,100
3,12,14,0.18126639119892118,104
3,12,15,0.18011340176224566,108
3,13,1,0.5255100478665372,56
3,13,2,0.30576361980588196,60
3,13,3,0.2610351110595712,64
3,13,4,0.19087719312037274,68
3,13,5,0.18730307668471208,72
3,13,6,0.18556651526463908,76
3,13,7,0.18544871660741538,80
3,13,8,0.1849254728965632,84
3,13,9,0.18470364099574768,88
3,13,10,0.18267033467851776,92
3,13,11,0.18175705894748967,96
3,13,12,0.18157533301077164,100
3,13,13,0.1807603425837265,104
3,13,14,0.1806380810215997,108
3,13,15,0.1794984594842767,112
3,14,1,0.525036362956628,60
3,14,2,0.3055306637941708,64
3,14,3,0.26097609550328726,68
3,14,4,0.1907891497916261,72
3,14,5,0.18716265765529838,76
3,14,6,0.18544157116950685,80
3,14,7,0.18532850260463188,84
3,14,8,0.18478928517474055,88
3,14,9,0.18458723002947766,92
3,14,10,0.18260238562640768,96
3,14,11,0.18168099098648552,100
3,14,12,0.1814979554892312,104
3,14,13,0.18066784039881498,108
3,14,14,0.18052477808651063,112
3,14,15,0.1794273121711096,116
3,15,1,0.5246997435951813,64
3,15,2,0.30472740289501027,68
3,15,3,0.260603760229948,72
3,15,4,0.19012742875279307,76
3,15,5,0.1866282011877053,80
3,15,6,0.18480198880994209,84
3,15,7,0.18468123096397265,88
3,15,8,0.1841528655807893,92
3,15,9,0.18388201601177082,96
3,15,10,0.18173371661701154,100
3,15,11,0.18077953032205962,104
3,15,12,0.18058216884274655,108
3,15,13,0.1797846088812533,112
3,15,14,0.1796443106787066,116
3,15,15,0.1785378800603163,120
4,1,1,0.9491263866077476,10
4,1,2,0.6978698904642736,15
4,1,3,0.5570671574426511,20
4,1,4,0.5196799564971073,25
4,1,5,0.5141552030388007,30
4,1,6,0.5137569471994405,35
4,1,7,0.5136443074216838,40
4,1,8,0.5135424052422211,45
4,1,9,0.5132236288877288,50
4,1,10,0.5123493472074749,55
4,1,11,0.5104626641830395,60
4,1,12,0.5092981839376234,65
4,1,13,0.5090534915527766,70
4,1,14,0.5087811904660359,75
4,1,15,0.5085540524011881,80
4,2,1,0.6996189430424887,15
4,2,2,0.3889257019799734,20
4,2,3,0.35866652155428974,25
4,2,4,0.3018346494608237,30
4,2,5,0.29439940832867084,35
4,2,6,0.29326252213902493,40
4,2,7,0.29273920788075486,45
4,2,8,0.292415608983271,50
4,2,9,0.2922036268446545,55
4,2,10,0.2918543684877858,60
4,2,11,0.2910536690304154,65
4,2,12,0.2908603618863182,70
4,2,13,0.2897444252238176,75
4,2,14,0.28930320981542396,80
4,2,15,0.2884910253554614,85
4,3,1,0.5590879064932399,20
4,3,2,0.3594520355068317,25
4,3,3,0.3267439083651995,30
4,3,4,0.258184898581446,35
4,3,5,0.25105284133625694,40
4,3,6,0.24936550304172048,45
4,3,7,0.24846205197309387,50
4,3,8,0.24811705166465703,55
4,3,9,0.24780281630011977,60
4,3,10,0.24726683680703704,65
4,3,11,0.2464617520778291,70
4,3,12,0.24634763771141696,75
4,3,13,0.24534125949202384,80
4,3,14,0.24496973904846608,85
4,3,15,0.24430643960358633,90
4,4,1,0.5230335711930492,25
4,4,2,0.303131387795198,30
4,4,3,0.2594257770708042,35
4,4,4,0.1929722560953116,40
4,4,5,0.18226997770624126,45
4,4,6,0.17893139603524708,50
4,4,7,0.17816274405436364,55
4,4,8,0.1772986262090795,60
4,4,9,0.1767356545556813,65
4,4,10,0.1758652157406402,70
4,4,11,0.17479599437313603,75
4,4,12,0.17466631902836688,80
4,4,13,0.17394210633353188,85
4,4,14,0.17373327698030464,90
4,4,15,0.17339990514566528,95
4,5,1,0.5176095745315983,30
4,5,2,0.2957074357080279,35
4,5,3,0.2521090677153575,40
4,5,4,0.18212982848778023,45
4,5,5,0.16656049283134816,50
4,5,6,0.16452742113988364,55
4,5,7,0.1633108219148903,60
4,5,8,0.1628612582674557,65
4,5,9,0.16236386531777522,70
4,5,10,0.16179089905761662,75
4,5,11,0.1609060551641994,80
4,5,12,0.16070382912649547,85
4,5,13,0.16002351975951867,90
4,5,14,0.15993500310090875,95
4,5,15,0.15944035304021492,100
4,6,1,0.5171307640026997,35
4,6,2,0.2942527674577035,40
4,6,3,0.2500582644182082,45
4,6,4,0.17853032084818043,50
4,6,5,0.16409406619073907,55
4,6,6,0.16225574274100485,60
4,6,7,0.16126784392524607,65
4,6,8,0.16077073808750814,70
4,6,9,0.1604017934294357,75
4,6,10,0.15994912502452477,80
4,6,11,0.15902116693610754,85
4,6,12,0.15888148585290857,90
4,6,13,0.15810158611389108,95
4,6,14,0.15796870172834573,100
4,6,15,0.15743082640907094,105
4,7,1,0.5169388604127425,40
4,7,2,0.293552951305658,45
4,7,3,0.24886194370355283,50
4,7,4,0.1779494463317381,55
4,7,5,0.162727682424783,60
4,7,6,0.16118124733007608,65
4,7,7,0.15938235027144013,70
4,7,8,0.15885762918019272,75
4,7,9,0.15859658671696364,80
4,7,10,0.15821619594392583,85
4,7,11,0.15717528538771228,90
4,7,12,0.1569511684902774,95
4,7,13,0.156043722515029,100
4,7,14,0.1559296813740237,105
4,7,15,0.15527361015983693,110
4,8,1,0.5168600558534713,45
4,8,2,0.2933038987261002,50
4,8,3,0.2485295590819754,55
4,8,4,0.17722838769025615,60
4,8,5,0.16221145629556347,65
4,8,6,0.16062263619066242,70
4,8,7,0.1587984421260717,75
4,8,8,0.15831229500911426,80
4,8,9,0.15808202000472585,85
4,8,10,0.15767218598976393,90
4,8,11,0.15669089626053231,95
4,8,12,0.1564433557882909,100
4,8,13,0.15558107136083174,105
4,8,14,0.15547418827253237,110
4,8,15,0.15481428494275556,115
4,9,1,0.5165447929538339,50
4,9,2,0.2931270869854204,55
4,9,3,0.24824738894810613,60
4,9,4,0.17678039222939046,65
4,9,5,0.16177628709620892,70
4,9,6,0.16029067589022206,75
4,9,7,0.15855958798381048,80
4,9,8,0.15809020945378238,85
4,9,9,0.15783577908720978,90
4,9,10,0.15740523172850254,95
4,9,11,0.15637383108121108,100
4,9,12,0.15610255783154486,105
4,9,13,0.15520419813213257,110
4,9,14,0.15505299937353578,115
4,9,15,0.15440023547447276,120
4,10,1,0.515438928041734,55
4,10,2,0.2925535400927859,60
4,10,3,0.24750146769835296,65
4,10,4,0.17564065233200707,70
4,10,5,0.16099169375970776,75
4,10,6,0.15966456030678589,80
4,10,7,0.15799844977383823,85
4,10,8,0.15749476859543607,90
4,10,9,0.15721880858840592,95
4,10,10,0.15664865735180508,100
4,10,11,0.15550465481872008,105
4,10,12,0.15524414126509334,110
4,10,13,0.15432023942639517,115
4,10,14,0.1541260160553208,120
4,10,15,0.15344573904408068,125
4,11,1,0.5134703097480974,60
4,11,2,0.29152563002643944,65
4,11,3,0.24647597817395878,70
4,11,4,0.17442091630613293,75
4,11,5,0.16001458678797317,80
4,11,6,0.1586349341698315,85
4,11,7,0.15687059351355867,90
4,11,8,0.1564050775154939,95
4,11,9,0.15604406464980966,100
4,11,10,0.1553468260331906,105
4,11,11,0.15417801091099673,110
4,11,12,0.153920873127434,115
4,11,13,0.1529836121056135,120
4,11,14,0.15277566141230944,125
4,11,15,0.15203406603844438,130
4,12,1,0.5123074012447093,65
4,12,2,0.2913579724615489,70
4,12,3,0.24638959036052718,75
4,12,4,0.17430879954657788,80
4,12,5,0.15981584742851737,85
4,12,6,0.15848630617092607,90
4,12,7,0.15664222578457365,95
4,12,8,0.1561469408830301,100
4,12,9,0.15577195752946973,105
4,12,10,0.1550891453260744,110
4,12,11,0.1539085314194287,115
4,12,12,0.15363735128553727,120
4,12,13,0.15267970869330574,125
4,12,14,0.15247044225820633,130
4,12,15,0.15172480001057617,135
4,13,1,0.5120235298502314,70
4,13,2,0.2904491950753573,75
4,13,3,0.245451385414143,80
4,13,4,0.17367517804435037,85
4,13,5,0.15929851849164262,90
4,13,6,0.15789608582621448,95
4,13,7,0.15589702127648614,100
4,13,8,0.15544018003878543,105
4,13,9,0.1550383645421474,110
4,13,10,0.15431631033316073,115
4,13,11,0.15313383068560582,120
4,13,12,0.1528482425466383,125
4,13,13,0.15185302276289858,130
4,13,14,0.15165313842146477,135
4,13,15,0.15087651329404553,140
4,14,1,0.5118357804803487,75
4,14,2,0.2899550966878207,80
4,14,3,0.2450790464369719,85
4,14,4,0.1735286561263082,90
4,14,5,0.15916255479919297,95
4,14,6,0.15768492413724916,100
4,14,7,0.1556924136589049,105
4,14,8,0.15524036448470635,110
4,14,9,0.15481061653328476,115
4,14,10,0.15406943312042692,120
4,14,11,0.15284909793191886,125
4,14,12,0.1525678144566253,130
4,14,13,0.15154603738282593,135
4,14,14,0.15131510087996433,140
4,14,15,0.15054356220698215,145
4,15,1,0.5117732130841929,80
4,15,2,0.2893750157764263,85
4,15,3,0.24464117069390895,90
4,15,4,0.1733309451013016,95
4,15,5,0.15870986976567297,100
4,15,6,0.15719336686453889,105
4,15,7,0.15508588729854875,110
4,15,8,0.15463482116123667,115
4,15,9,0.154189690599754,120
4,15,10,0.1534144343714046,125
4,15,11,0.15216702181144742,130
4,15,12,0.15188180800936846,135
4,15,13,0.15084397754055603,140
4,15,14,0.15061461852889474,145
4,15,15,0.149857695058794,150
5,1,1,0.9493909093432147,12
5,1,2,0.6790137658105599,18
5,1,3,0.5029838574306938,24
5,1,4,0.4585892432334946,30
5,1,5,0.4481125726874107,36
5,1,6,0.4475952516027233,42
5,1,7,0.4473844666782757,48
5,1,8,0.4470958284979724,54
5,1,9,0.4466321230296744,60
5,1,10,0.44470377637425473,66
5,1,11,0.44194107659617393,72
5,1,12,0.44031541710156274,78
5,1,13,0.44018281993020475,84
5,1,14,0.44003637449067246,90
5,1,15,0.44001800800321905,96
5,2,1,0.680720412457871,18
5,2,2,0.3886407072566537,24
5,2,3,0.35312806649333295,30
5,2,4,0.2964762316078529,36
5,2,5,0.2844532807395098,42
5,2,6,0.28295767992849064,48
5,2,7,0.282196254723665,54
5,2,8,0.28169842082064883,60
5,2,9,0.2814274572707117,66
5,2,10,0.2809444549908211,72
5,2,11,0.28004187456268037,78
5,2,12,0.2799103240138578,84
5,2,13,0.27902565347297004,90
5,2,14,0.27847944882176895,96
5,2,15,0.27825985167073986,102
5,3,1,0.5070000599712927,24
5,3,2,0.3538703963273672,30
5,3,3,0.31624605749871215,36
5,3,4,0.2545790561743632,42
5,3,5,0.24532205781667607,48
5,3,6,0.24364298065424922,54
5,3,7,0.24284145392929415,60
5,3,8,0.24232996781721208,66
5,3,9,0.24192238324246843,72
5,3,10,0.24121625622028078,78
5,3,11,0.24028169345723469,84
5,3,12,0.24014059453578296,90
5,3,13,0.2394513201027654,96
5,3,14,0.23911633135858673,102
5,3,15,0.23892105004471723,108
5,4,1,0.460029249162236,30
5,4,2,0.2977562559104978,36
5,4,3,0.2557232826410569,42
5,4,4,0.18985473103353284,48
5,4,5,0.1735032446034212,54
5,4,6,0.1689126381129991,60
5,4,7,0.1673304332213301,66
5,4,8,0.1653929796611283,72
5,4,9,0.16443944288881468,78
5,4,10,0.16327575492757243,84
5,4,11,0.16186008378450756,90
5,4,12,0.16170595341979446,96
5,4,13,0.1609777818794132,102
5,4,14,0.16048748986446906,108
5,4,15,0.16034894151922477,114
5,5,1,0.4492510556122236,36
5,5,2,0.2862132538957066,42
5,5,3,0.24638080220262007,48
5,5,4,0.17338276970021135,54
5,5,5,0.15434075269876074,60
5,5,6,0.15051201132573624,66
5,5,7,0.14909563997226333,72
5,5,8,0.14814100270694083,78
5,5,9,0.1472466721011951,84
5,5,10,0.14652648437760574,90
5,5,11,0.1449969836680079,96
5,5,12,0.14482904130915691,102
5,5,13,0.1439779583287552,108
5,5,14,0.1436014051827546,114
5,5,15,0.1434491088595721,120
5,6,1,0.44869016093379693,42
5,6,2,0.28455517988617407,48
5,6,3,0.24441162167568947,54
5,6,4,0.16851673645751064,60
5,6,5,0.1500601218742972,66
5,6,6,0.14694340814924653,72
5,6,7,0.1459584583425411,78
5,6,8,0.1450410793890861,84
5,6,9,0.14432218932419172,90
5,6,10,0.14377147429034412,96
5,6,11,0.1422053534590763,102
5,6,12,0.1420664441965439,108
5,6,13,0.14119420603021737,114
5,6,14,0.1407732588393441,120
5,6,15,0.1406179597674015,126
5,7,1,0.44838677091350115,48
5,7,2,0.28379920461761915,54
5,7,3,0.24345570129912025,60
5,7,4,0.1672067988530102,66
5,7,5,0.14851805778851004,72
5,7,6,0.14586029140475762,78
5,7,7,0.14488986035693563,84
5,7,8,0.14408481127798564,90
5,7,9,0.14337361115495115,96
5,7,10,0.14282208833814042,102
5,7,11,0.14125235190420768,108
5,7,12,0.14109589873798004,114
5,7,13,0.1402360761042845,120
5,7,14,0.13982782845756342,126
5,7,15,0.1396701129639365,132
5,8,1,0.44829627010731554,54
5,8,2,0.2834720168963412,60
5,8,3,0.2431064782671844,66
5,8,4,0.1653013686647935,72
5,8,5,0.147591290761422,78
5,8,6,0.14493200379456989,84
5,8,7,0.14413563970160675,90
5,8,8,0.143167917616605,96
5,8,9,0.14233725173502013,102
5,8,10,0.1417665864672717,108
5,8,11,0.14024273450815927,114
5,8,12,0.14008934134138826,120
5,8,13,0.13922190171960666,126
5,8,14,0.13880720037371186,132
5,8,15,0.13864956702280892,138
5,9,1,0.4479213475251278,60
5,9,2,0.28321907116212125,66
5,9,3,0.24276264485522867,72
5,9,4,0.1645522694954606,78
5,9,5,0.14696045059808624,84
5,9,6,0.14438220686596656,90
5,9,7,0.14357374404614795,96
5,9,8,0.1425378152701813,102
5,9,9,0.14175578593934793,108
5,9,10,0.1411146356768406,114
5,9,11,0.13956685837594446,120
5,9,12,0.139381322421258,126
5,9,13,0.1385107126994469,132
5,9,14,0.13804789807197673,138
5,9,15,0.13787859738471125,144
5,10,1,0.4454052196868377,66
5,10,2,0.2824539022372656,72
5,10,3,0.24182756325652616,78
5,10,4,0.16324700123235178,84
5,10,5,0.14595744430901106,90
5,10,6,0.143598139941666,96
5,10,7,0.1427987783761775,102
5,10,8,0.14175902784552158,108
5,10,9,0.14090858200936573,114
5,10,10,0.1401034755770442,120
5,10,11,0.13841787869006017,126
5,10,12,0.13824201456696922,132
5,10,13,0.13738539524937196,138
5,10,14,0.13687468522702873,144
5,10,15,0.1367153467006959,150
5,11,1,0.4422055244539419,72
5,11,2,0.2812724839129234,78
5,11,3,0.24061742492212856,84
5,11,4,0.1617877984375825,90
5,11,5,0.14434148711798278,96
5,11,6,0.14193733273875817,102
5,11,7,0.14111062981633166,108
5,11,8,0.14011337944048632,114
5,11,9,0.1391851558536362,120
5,11,10,0.13826412662137993,126
5,11,11,0.13656569575102137,132
5,11,12,0.13637273148840653,138
5,11,13,0.1354991256826409,144
5,11,14,0.13496222827660742,150
5,11,15,0.1347977849628228,156
5,12,1,0.44093089369283656,78
5,12,2,0.2811033102729999,84
5,12,3,0.24049526140046595,90
5,12,4,0.16166333828490362,96
5,12,5,0.14415682379107017,102
5,12,6,0.14178297648704385,108
5,12,7,0.14093149636348634,114
5,12,8,0.13993440384869454,120
5,12,9,0.13897535716206016,126
5,12,10,0.13808648228788714,132
5,12,11,0.13636621333676094,138
5,12,12,0.13615763105857936,144
5,12,13,0.1352566800023835,150
5,12,14,0.1347378208379808,156
5,12,15,0.13456385941877677,162
5,13,1,0.44080557122853387,84
5,13,2,0.28033495362157496,90
5,13,3,0.2397461782422539,96
5,13,4,0.16119103910363392,102
5,13,5,0.14355486081760455,108
5,13,6,0.14114693479319612,114
5,13,7,0.14028144453255093,120
5,13,8,0.13927812777472842,126
5,13,9,0.138308200237357,132
5,13,10,0.13743425048358562,138
5,13,11,0.1357165740946313,144
5,13,12,0.1354800920938709,150
5,13,13,0.1345701298224315,156
5,13,14,0.13404251339539022,162
5,13,15,0.13388821153571245,168
5,14,1,0.4406904400285021,90
5,14,2,0.27984722158584274,96
5,14,3,0.2395346528211575,102
5,14,4,0.1607113975766731,108
5,14,5,0.14307588379314018,114
5,14,6,0.14060982779572195,120
5,14,7,0.13974424357729337,126
5,14,8,0.1387409475893739,132
5,14,9,0.13774939958132384,138
5,14,10,0.1368805489348455,144
5,14,11,0.13512941528151035,150
5,14,12,0.13490907511489494,156
5,14,13,0.13396456002720455,162
5,14,14,0.1334036525775884,168
5,14,15,0.13325519532696892,174
5,15,1,0.4407444375727779,96
5,15,2,0.2796742201845591,102
5,15,3,0.239380104669168,108
5,15,4,0.16055899391683812,114
5,15,5,0.14292256765139236,120
5,15,6,0.14045724643906127,126
5,15,7,0.13959173988532464,132
5,15,8,0.13857718627872423,138
5,15,9,0.1375475710638309,144
5,15,10,0.13667158227395004,150
5,15,11,0.13493841426062153,156
5,15,12,0.1347093172737882,162
5,15,13,0.13379317197546928,168
5,15,14,0.13322726250552092,174
5,15,15,0.1330791538570564,180
6,1,1,0.9495573789144431,14
6,1,2,0.6618981974247956,21
6,1,3,0.4892128687938417,28
6,1,4,0.44621771231904944,35
6,1,5,0.43612496656915034,42
6,1,6,0.4353028984157761,49
6,1,7,0.43498173075681484,56
6,1,8,0.4346504503782839,63
6,1,9,0.4339094787686189,70
6,1,10,0.4309360306871288,77
6,1,11,0.4274669626008655,84
6,1,12,0.42539336420708834,91
6,1,13,0.42500416767288496,98
6,1,14,0.4247302277206067,105
6,1,15,0.4246604998593142,112
6,2,1,0.6632803860746384,21
6,2,2,0.387796703898771,28
6,2,3,0.3500206210974286,35
6,2,4,0.2933337016650792,42
6,2,5,0.2799508767935323,49
6,2,6,0.27802674361905116,56
6,2,7,0.2773302984583492,63
6,2,8,0.27647414909880036,70
6,2,9,0.27599258977849966,77
6,2,10,0.2756420627743379,84
6,2,11,0.27496176831516383,91
6,2,12,0.2748341371148352,98
6,2,13,0.27388944449501534,105
6,2,14,0.27285656845831147,112
6,2,15,0.27267610705867584,119
6,3,1,0.4942672014776634,28
6,3,2,0.35084035928452106,35
6,3,3,0.3105423613814551,42
6,3,4,0.2541382544064142,49
6,3,5,0.24038683452624832,56
6,3,6,0.23833476619641542,63
6,3,7,0.23743322180787385,70
6,3,8,0.23653453110463363,77
6,3,9,0.23582390724270277,84
6,3,10,0.23534376890465733,91
6,3,11,0.23475533495977122,98
6,3,12,0.23466237220016933,105
6,3,13,0.23370798590152775,112
6,3,14,0.23309286207831217,119
6,3,15,0.23286808747356488,126
6,4,1,0.4478980693857547,35
6,4,2,0.29491266729939636,42
6,4,3,0.25537024698439637,49
6,4,4,0.18848626955740405,56
6,4,5,0.1639078894419722,63
6,4,6,0.16021886481946102,70
6,4,7,0.1579556363711441,77
6,4,8,0.15589000120022942,84
6,4,9,0.15407961221357463,91
6,4,10,0.15354224982604575,98
6,4,11,0.1528024475678007,105
6,4,12,0.15262468901835752,112
6,4,13,0.15140995417856226,119
6,4,14,0.1506818558849955,126
6,4,15,0.15027127009326646,133
6,5,1,0.4376342176393343,42
6,5,2,0.2816401206123594,49
6,5,3,0.24129703539393652,56
6,5,4,0.16407428675052232,63
6,5,5,0.14053383002122477,70
6,5,6,0.13662072056029803,77
6,5,7,0.13534943896681478,84
6,5,8,0.13399169679390105,91
6,5,9,0.13259879094364574,98
6,5,10,0.13222078290837194,105
6,5,11,0.13153038433024236,112
6,5,12,0.13138568028868686,119
6,5,13,0.13019484249301877,126
6,5,14,0.12959079823366546,133
6,5,15,0.12920838362624484,140
6,6,1,0.4367925935576803,49
6,6,2,0.2795251108141034,56
6,6,3,0.23908162267597352,63
6,6,4,0.16007464871634194,70
6,6,5,0.1361153606649013,77
6,6,6,0.13320445638921713,84
6,6,7,0.13198220706362745,91
6,6,8,0.13083386570854522,98
6,6,9,0.1296658278553521,105
6,6,10,0.12927552560901184,112
6,6,11,0.1285433390618608,119
6,6,12,0.12837631335442695,126
6,6,13,0.12724223680421556,133
6,6,14,0.12664343899696445,140
6,6,15,0.12629495819443476,147
6,7,1,0.43629628222859895,56
6,7,2,0.2788528352346665,63
6,7,3,0.23813825290013302,70
6,7,4,0.15764852145166972,77
6,7,5,0.13460054719702416,84
6,7,6,0.13170162201806232,91
6,7,7,0.13050398912975825,98
6,7,8,0.129343121556017,105
6,7,9,0.1281401313567686,112
6,7,10,0.1277292230162561,119
6,7,11,0.12705839761316953,126
6,7,12,0.12690790133297625,133
6,7,13,0.12580394085744365,140
6,7,14,0.12520818021528793,147
6,7,15,0.12486747333496448,154
6,8,1,0.4361977139891578,63
6,8,2,0.2781844250102558,70
6,8,3,0.23740776248903533,77
6,8,4,0.15542436977423166,84
6,8,5,0.1333690433282582,91
6,8,6,0.13067436107333838,98
6,8,7,0.12947030790057037,105
6,8,8,0.1281870671512904,112
6,8,9,0.12701489234390922,119
6,8,10,0.1265652672940123,126
6,8,11,0.12590517229450662,133
6,8,12,0.12569598211320046,140
6,8,13,0.12456535632199754,147
6,8,14,0.12395761171033379,154
6,8,15,0.123611899493309,161
6,9,1,0.435485100902864,70
6,9,2,0.27768278841342103,77
6,9,3,0.23685046166992194,84
6,9,4,0.1539608025294976,91
6,9,5,0.13194182781483116,98
6,9,6,0.12937139270607817,105
6,9,7,0.12814675037034848,112
6,9,8,0.12698935563271913,119
6,9,9,0.12590833707494914,126
6,9,10,0.12541940954800568,133
6,9,11,0.12473949206427422,140
6,9,12,0.12452774096565454,147
6,9,13,0.12340182956199168,154
6,9,14,0.12285925430808792,161
6,9,15,0.1224656691299101,168
6,10,1,0.43151848768581597,77
6,10,2,0.2773143536212055,84
6,10,3,0.23643821611549326,91
6,10,4,0.1533284034698652,98
6,10,5,0.13141992820827597,105
6,10,6,0.1288832587676795,112
6,10,7,0.12766835075517036,119
6,10,8,0.12646631815508497,126
6,10,9,0.1253436570480379,133
6,10,10,0.12474058588305721,140
6,10,11,0.12395989050245948,147
6,10,12,0.12377701574157401,154
6,10,13,0.12266055534997303,161
6,10,14,0.12211829861623287,168
6,10,15,0.1217254435227562,175
6,11,1,0.4273189458433448,84
6,11,2,0.27625944427817606,91
6,11,3,0.23544839758885727,98
6,11,4,0.15270339565137156,105
6,11,5,0.1307346516437858,112
6,11,6,0.128136000142055,119
6,11,7,0.12691483965636896,126
6,11,8,0.12573310171872806,133
6,11,9,0.12456280308234362,140
6,11,10,0.12386356212558298,147
6,11,11,0.12306652577436063,154
6,11,12,0.1228691489757833,161
6,11,13,0.12172239263318453,168
6,11,14,0.12113576463082429,175
6,11,15,0.12075216365795034,182
6,12,1,0.4258494803132267,91
6,12,2,0.27605254062257933,98
6,12,3,0.23537608919592587,105
6,12,4,0.15259678658200268,112
6,12,5,0.1305359561130011,119
6,12,6,0.12794528784547765,126
6,12,7,0.12677028440702218,133
6,12,8,0.12554736295049085,140
6,12,9,0.12433585462304825,147
6,12,10,0.12366112521383833,154
6,12,11,0.12284958081465205,161
6,12,12,0.12263446241034039,168
6,12,13,0.12148322084271371,175
6,12,14,0.12089272273658638,182
6,12,15,0.12061492124160522,189
6,13,1,0.42543971368941697,98
6,13,2,0.2754510515322064,105
6,13,3,0.2345201235076636,112
6,13,4,0.15182289713903413,119
6,13,5,0.12975626783280925,126
6,13,6,0.12723339831253389,133
6,13,7,0.12607700288426818,140
6,13,8,0.12483242581414587,147
6,13,9,0.12360016085692467,154
6,13,10,0.1229288067414323,161
6,13,11,0.12209863667811047,168
6,13,12,0.12186698457467018,175
6,13,13,0.12072936640890693,182
6,13,14,0.12009988523759037,189
6,13,15,0.1198311363674065,196
6,14,1,0.42528404559413824,105
6,14,2,0.27454381914086295,112
6,14,3,0.23408374093421117,119
6,14,4,0.15102898427691963,126
6,14,5,0.12891266454188857,133
6,14,6,0.126354908356783,140
6,14,7,0.12518406069307716,147
6,14,8,0.12393595125665995,154
6,14,9,0.12277266376661801,161
6,14,10,0.12216513300049751,168
6,14,11,0.1213105117715934,175
6,14,12,0.12109376350608245,182
6,14,13,0.11988836132499246,189
6,14,14,0.11917188249603973,196
6,14,15,0.11890195686396526,203
6,15,1,0.425342574548415,112
6,15,2,0.27448127185383464,119
6,15,3,0.2339740808545923,126
6,15,4,0.15085947230907779,133
6,15,5,0.12866018104360558,140
6,15,6,0.12614442042322174,147
6,15,7,0.12498949532728022,154
6,15,8,0.12373020257249871,161
6,15,9,0.1225547781677397,168
6,15,10,0.12193823904922003,175
6,15,11,0.12108587701295799,182
6,15,12,0.12086611561952924,189
6,15,13,0.11967325560785012,196
6,15,14,0.11894703576854843,203
6,15,15,0.11867265372001135,210
7,1,1,0.9495861424919758,16
7,1,2,0.6444288876516499,24
7,1,3,0.4846363703622967,32
7,1,4,0.44384990716861167,40
7,1,5,0.433863417826375,48
7,1,6,0.4330253765912453,56
7,1,7,0.43258582785491645,64
7,1,8,0.43216573601921526,72
7,1,9,0.4315436623526714,80
7,1,10,0.42861508182104907,88
7,1,11,0.4251167799342327,96
7,1,12,0.42301309755214084,104
7,1,13,0.4226255860698866,112
7,1,14,0.42228478478562276,120
7,1,15,0.42224227359257854,128
7,2,1,0.645407456986247,24
7,2,2,0.3856118374586573,32
7,2,3,0.34723578800005594,40
7,2,4,0.29035177397396117,48
7,2,5,0.27705538541049846,56
7,2,6,0.27467296263567953,64
7,2,7,0.27384261904389356,72
7,2,8,0.27229765083166296,80
7,2,9,0.27177874304769156,88
7,2,10,0.27143305391379047,96
7,2,11,0.27078372947322393,104
7,2,12,0.2705093972531371,112
7,2,13,0.26979282030281115,120
7,2,14,0.2684199679264142,128
7,2,15,0.26829341391864797,136
7,3,1,0.4887707982426889,32
7,3,2,0.34786371170951885,40
7,3,3,0.3089735238711227,48
7,3,4,0.25335511002553945,56
7,3,5,0.23915389259582262,64
7,3,6,0.23607182178182934,72
7,3,7,0.2350699811801064,80
7,3,8,0.23318730098577437,88
7,3,9,0.23192271110976534,96
7,3,10,0.23152352138773707,104
7,3,11,0.23115664390584933,112
7,3,12,0.23075176036137646,120
7,3,13,0.22963092719866504,128
7,3,14,0.2285770949886221,136
7,3,15,0.2282817656986743,144
7,4,1,0.4452163374879336,40
7,4,2,0.2920512047551011,48
7,4,3,0.2545592463211055,56
7,4,4,0.18571582589947985,64
7,4,5,0.16030964231031108,72
7,4,6,0.15680272738853782,80
7,4,7,0.15428413415193984,88
7,4,8,0.15183941001558324,96
7,4,9,0.14935555693839342,104
7,4,10,0.1489264169040907,112
7,4,11,0.14819631485102658,120
7,4,12,0.14795036853219512,128
7,4,13,0.1465877124286385,136
7,4,14,0.14562720330910905,144
7,4,15,0.1453345345513056,152
7,5,1,0.4351493288884889,48
7,5,2,0.27860916182825596,56
7,5,3,0.2403084763905386,64
7,5,4,0.1607916829776007,72
7,5,5,0.1375341479287212,80
7,5,6,0.13306744972857934,88
7,5,7,0.1315921883624248,96
7,5,8,0.1295440827156043,104
7,5,9,0.12796889360081792,112
7,5,10,0.12760537242905476,120
7,5,11,0.12709274974096937,128
7,5,12,0.1268462541188772,136
7,5,13,0.12568185605484064,144
7,5,14,0.12482338426052678,152
7,5,15,0.12441301082636168,160
7,6,1,0.4342947848419474,56
7,6,2,0.2762114350311348,64
7,6,3,0.2372626148267739,72
7,6,4,0.15682145591602367,80
7,6,5,0.13250107159560368,88
7,6,6,0.12900797230002628,96
7,6,7,0.12775747375855934,104
7,6,8,0.1261752240239559,112
7,6,9,0.12487347684619803,120
7,6,10,0.12440826263641132,128
7,6,11,0.1239126515085331,136
7,6,12,0.12357048003778609,144
7,6,13,0.12252818127668051,152
7,6,14,0.12165026270207856,160
7,6,15,0.1212832818279651,168
7,7,1,0.4336927362229776,64
7,7,2,0.27521016487990396,72
7,7,3,0.2360645930864901,80
7,7,4,0.1537670052108201,88
7,7,5,0.13081491203811377,96
7,7,6,0.1275448121475751,104
7,7,7,0.1263368002453792,112
7,7,8,0.1249749476504312,120
7,7,9,0.12354436207416128,128
7,7,10,0.12308612904914702,136
7,7,11,0.12258857733721566,144
7,7,12,0.12221746557011233,152
7,7,13,0.12124308130109168,160
7,7,14,0.12037655554566096,168
7,7,15,0.12001930204811101,176
7,8,1,0.4334849541402071,72
7,8,2,0.2736535406231928,80
7,8,3,0.23417055352509045,88
7,8,4,0.1513162011716077,96
7,8,5,0.1287688929372913,104
7,8,6,0.12603226307611837,112
7,8,7,0.1250031759747528,120
7,8,8,0.12367741916094745,128
7,8,9,0.12237388562133716,136
7,8,10,0.12185084620293518,144
7,8,11,0.12140252927734929,152
7,8,12,0.12098569440279548,160
7,8,13,0.11997874196302234,168
7,8,14,0.11908490303926586,176
7,8,15,0.11872027848226745,184
7,9,1,0.4328694095689905,80
7,9,2,0.2732916438580883,88
7,9,3,0.23339720677249529,96
7,9,4,0.14899557430382754,104
7,9,5,0.1271434171972836,112
7,9,6,0.12455789802542466,120
7,9,7,0.12339688615502195,128
7,9,8,0.12229490065164564,136
7,9,9,0.12099376572983873,144
7,9,10,0.12043829527916548,152
7,9,11,0.11993929470956212,160
7,9,12,0.11951758704505575,168
7,9,13,0.11850528777582328,176
7,9,14,0.11775494912502944,184
7,9,15,0.11737398851922572,192
7,10,1,0.42866454333875537,88
7,10,2,0.27297706422601686,96
7,10,3,0.23310862388668296,104
7,10,4,0.1485317763442168,112
7,10,5,0.12664498241854735,120
7,10,6,0.1240388874190696,128
7,10,7,0.12285146686197605,136
7,10,8,0.12172747821054458,144
7,10,9,0.12041265015563016,152
7,10,10,0.11974968818940847,160
7,10,11,0.1191473793459467,168
7,10,12,0.11879045363829498,176
7,10,13,0.11779859722001375,184
7,10,14,0.11704500081598744,192
7,10,15,0.11666437356326581,200
7,11,1,0.4241900432241298,96
7,11,2,0.27202168622970824,104
7,11,3,0.2322966054534104,112
7,11,4,0.14802905920230217,120
7,11,5,0.12611316870633935,128
7,11,6,0.12347621563569798,136
7,11,7,0.12231702321699399,144
7,11,8,0.12121967931453127,152
7,11,9,0.1198624800837532,160
7,11,10,0.11912604267992172,168
7,11,11,0.11851248346283524,176
7,11,12,0.1181342448279657,184
7,11,13,0.11712723716027566,192
7,11,14,0.11632956471267147,200
7,11,15,0.11591839846366367,208
7,12,1,0.42267896100269536,104
7,12,2,0.2717363964232893,112
7,12,3,0.23209421282978715,120
7,12,4,0.14776183053381983,128
7,12,5,0.1259311729836086,136
7,12,6,0.12326651861747649,144
7,12,7,0.12207597296211621,152
7,12,8,0.12090908166659928,160
7,12,9,0.11953259324837723,168
7,12,10,0.11882633083016168,176
7,12,11,0.11819778631680052,184
7,12,12,0.11780871327024042,192
7,12,13,0.11678498619940893,200
7,12,14,0.11596571372958314,208
7,12,15,0.11556961074063327,216
7,13,1,0.42228555496278053,112
7,13,2,0.2713950415387194,120
7,13,3,0.23104208113990224,128
7,13,4,0.14693054860621627,136
7,13,5,0.1252075036009436,144
7,13,6,0.12264030348149797,152
7,13,7,0.12146004222590948,160
7,13,8,0.12028403041871864,168
7,13,9,0.11888166133623485,176
7,13,10,0.11815024061975617,184
7,13,11,0.1175201264229136,192
7,13,12,0.11709593704121848,200
7,13,13,0.11606215750612318,208
7,13,14,0.11515200436847468,216
7,13,15,0.11477839109675857,224
7,14,1,0.42215378420337135,120
7,14,2,0.2702222380536984,128
7,14,3,0.23027407415836243,136
7,14,4,0.14590926578250168,144
7,14,5,0.12415014859100117,152
7,14,6,0.12161995645929893,160
7,14,7,0.12043531929338601,168
7,14,8,0.11923063222341887,176
7,14,9,0.11794738518162656,184
7,14,10,0.11729724120646204,192
7,14,11,0.11664069472767835,200
7,14,12,0.11624704562448647,208
7,14,13,0.11512066093232783,216
7,14,14,0.1141425249096994,224
7,14,15,0.11373830362063352,232
7,15,1,0.42225450702680223,128
7,15,2,0.2701530538198763,136
7,15,3,0.23010918474982756,144
7,15,4,0.14578152989455972,152
7,15,5,0.1239306649627831,160
7,15,6,0.12143402589079572,168
7,15,7,0.12026432616630776,176
7,15,8,0.11907294229130863,184
7,15,9,0.11777584761876574,192
7,15,10,0.1170987414071013,200
7,15,11,0.11643454441955008,208
7,15,12,0.11602903130214666,216
7,15,13,0.11491007145173145,224
7,15,14,0.11389061299442131,232
7,15,15,0.11347455663298864,240
8,1,1,0.949592951113045,18
8,1,2,0.6287203326997929,27
8,1,3,0.4819268039476216,36
8,1,4,0.44292601376081125,45
8,1,5,0.4315701146220293,54
8,1,6,0.4300652342996137,63
8,1,7,0.42948084174944595,72
8,1,8,0.4289977628708173,81
8,1,9,0.4282132879268506,90
8,1,10,0.4248318912165747,99
8,1,11,0.42092337733575425,108
8,1,12,0.41856075646289526,117
8,1,13,0.41796100996838104,126
8,1,14,0.4175780177535186,135
8,1,15,0.41741871738999836,144
8,2,1,0.6290935533418478,27
8,2,2,0.3822231053566052,36
8,2,3,0.34316830271926313,45
8,2,4,0.2876522749673489,54
8,2,5,0.2727276772469107,63
8,2,6,0.2706255882818645,72
8,2,7,0.26913819671261136,81
8,2,8,0.2677673141336207,90
8,2,9,0.26737640106221255,99
8,2,10,0.26694449056969577,108
8,2,11,0.26637570217933393,117
8,2,12,0.2660622400982918,126
8,2,13,0.26559086460293385,135
8,2,14,0.26447695277711164,144
8,2,15,0.2643578668220328,153
8,3,1,0.4848106238480268,36
8,3,2,0.34347940178369757,45
8,3,3,0.30893685115349073,54
8,3,4,0.2520174009686248,63
8,3,5,0.23757783533871024,72
8,3,6,0.23421636999867226,81
8,3,7,0.23287227958099885,90
8,3,8,0.23077427461271557,99
8,3,9,0.2292399182143298,108
8,3,10,0.2287508971094829,117
8,3,11,0.22840846075599147,126
8,3,12,0.227993430089289,135
8,3,13,0.2269223032565092,144
8,3,14,0.22574533220487103,153
8,3,15,0.22552485154985083,162
8,4,1,0.4439771453987721,45
8,4,2,0.2892756861804777,54
8,4,3,0.253095063248995,63
8,4,4,0.18113544294178008,72
8,4,5,0.15854210132465416,81
8,4,6,0.1533451038838529,90
8,4,7,0.15069028378480906,99
8,4,8,0.14670425950186197,108
8,4,9,0.1453427990964256,117
8,4,10,0.1446117047134656,126
8,4,11,0.14412479232128567,135
8,4,12,0.1438322780209427,144
8,4,13,0.14257116715510615,153
8,4,14,0.1416338873833912,162
8,4,15,0.14133254475697132,171
8,5,1,0.4326539651771031,54
8,5,2,0.2743756385285269,63
8,5,3,0.23895211661715232,72
8,5,4,0.15900954515511784,81
8,5,5,0.13447460480450762,90
8,5,6,0.1287885990442409,99
8,5,7,0.1270087489926229,108
8,5,8,0.12490643504305661,117
8,5,9,0.1235931227045046,126
8,5,10,0.12295913712368482,135
8,5,11,0.12253610861264375,144
8,5,12,0.12217842619507416,153
8,5,13,0.12144895894049401,162
8,5,14,0.12048706916427251,171
8,5,15,0.12025207309519786,180
8,6,1,0.4312310746078996,63
8,6,2,0.2722611026742137,72
8,6,3,0.23562071116724828,81
8,6,4,0.15326836918013728,90
8,6,5,0.12834826933195007,99
8,6,6,0.12374380528662927,108
8,6,7,0.12234674108622075,117
8,6,8,0.12082382496983268,126
8,6,9,0.11965148425699579,135
8,6,10,0.11890555949003438,144
8,6,11,0.11851297530142645,153
8,6,12,0.11804073973008614,162
8,6,13,0.11739134312354355,171
8,6,14,0.11648067259558686,180
8,6,15,0.11630088870389507,189
8,7,1,0.43048493303119423,72
8,7,2,0.27047712145559594,81
8,7,3,0.23392840006793594,90
8,7,4,0.15050632972497008,99
8,7,5,0.12638066305141146,108
8,7,6,0.12216382909934621,117
8,7,7,0.12074734225850951,126
8,7,8,0.1193733896287526,135
8,7,9,0.11825234544970444,144
8,7,10,0.11743672521619035,153
8,7,11,0.1171169482055829,162
8,7,12,0.11661478234153881,171
8,7,13,0.1159865296671034,180
8,7,14,0.11508318500946334,189
8,7,15,0.11493544594080184,198
8,8,1,0.4301375055543651,81
8,8,2,0.2691543557623021,90
8,8,3,0.23167227698389095,99
8,8,4,0.14665195547904494,108
8,8,5,0.12429700864113757,117
8,8,6,0.12071543893806569,126
8,8,7,0.11943748750276413,135
8,8,8,0.11814121814222363,144
8,8,9,0.11703537081499842,153
8,8,10,0.11618787177704962,162
8,8,11,0.11588182031145404,171
8,8,12,0.11533413827042732,180
8,8,13,0.11469231417725484,189
8,8,14,0.1137642905424853,198
8,8,15,0.11363091813615792,207
8,9,1,0.4293533251865407,90
8,9,2,0.26880691761314424,99
8,9,3,0.23067829682291116,108
8,9,4,0.1451619670259288,117
8,9,5,0.12285044992272098,126
8,9,6,0.11931845231487696,135
8,9,7,0.11808808662848798,144
8,9,8,0.11690394801228951,153
8,9,9,0.1158010773280959,162
8,9,10,0.11490025378405323,171
8,9,11,0.11454145707056608,180
8,9,12,0.11400687262039548,189
8,9,13,0.11335968693778659,198
8,9,14,0.1125207924803145,207
8,9,15,0.11236964214266715,216
8,10,1,0.42418103122730666,99
8,10,2,0.2683090936112103,108
8,10,3,0.2301919131359457,117
8,10,4,0.14450265644265578,126
8,10,5,0.12210089429888046,135
8,10,6,0.11853243215747127,144
8,10,7,0.11726560656888588,153
8,10,8,0.11604559325980143,162
8,10,9,0.11493550480739588,171
8,10,10,0.11383232698135709,180
8,10,11,0.11336109648094864,189
8,10,12,0.11292035055705343,198
8,10,13,0.11231030595400658,207
8,10,14,0.11151050988968235,216
8,10,15,0.11133135097972412,225
8,11,1,0.41886583294281277,108
8,11,2,0.2674836932231503,117
8,11,3,0.22947291809228973,126
8,11,4,0.14397820731636748,135
8,11,5,0.12165220918698988,144
8,11,6,0.11810227923341798,153
8,11,7,0.11686351042070904,162
8,11,8,0.11565607338498432,171
8,11,9,0.11451760072923158,180
8,11,10,0.11331014903215027,189
8,11,11,0.11284014658256665,198
8,11,12,0.11238896146368393,207
8,11,13,0.11177806258143744,216
8,11,14,0.1109349915813913,225
8,11,15,0.11074558190470839,234
8,12,1,0.4170253570598347,117
8,12,2,0.2670554982769014,126
8,12,3,0.22918095060739888,135
8,12,4,0.14371848039575963,144
8,12,5,0.12138157263050015,153
8,12,6,0.11773138607807436,162
8,12,7,0.11644025535350774,171
8,12,8,0.11522673284717971,180
8,12,9,0.11406866539248016,189
8,12,10,0.11293740462366632,198
8,12,11,0.11245993925437778,207
8,12,12,0.1120147647404525,216
8,12,13,0.11137382197229465,225
8,12,14,0.1105194635777728,234
8,12,15,0.11032130770955784,243
8,13,1,0.41640756606779294,126
8,13,2,0.26691861471829625,135
8,13,3,0.22815207081027944,144
8,13,4,0.14306452238728037,153
8,13,5,0.12098524951320455,162
8,13,6,0.11739858290672214,171
8,13,7,0.116127290549011,180
8,13,8,0.11492086615272505,189
8,13,9,0.11374214176293722,198
8,13,10,0.11259944102772645,207
8,13,11,0.11214048790948754,216
8,13,12,0.1116713430345405,225
8,13,13,0.11102768661721873,234
8,13,14,0.11010127380651011,243
8,13,15,0.10990547836272693,252
8,14,1,0.4163504481658067,135
8,14,2,0.2660390936659473,144
8,14,3,0.22730076547062333,153
8,14,4,0.14210427365850198,162
8,14,5,0.12015455871817912,171
8,14,6,0.116669908505688,180
8,14,7,0.11541020342237582,189
8,14,8,0.11417110303378411,198
8,14,9,0.11304642153382344,207
8,14,10,0.11200526061267257,216
8,14,11,0.11151120117312838,225
8,14,12,0.11107581062914025,234
8,14,13,0.11036084959563802,243
8,14,14,0.1094007624398519,252
8,14,15,0.10921285421861421,261
8,15,1,0.4163208746580111,144
8,15,2,0.26602182225953175,153
8,15,3,0.2272934705832255,162
8,15,4,0.14201063248717935,171
8,15,5,0.12001963968590865,180
8,15,6,0.1165722915778311,189
8,15,7,0.11534778262828002,198
8,15,8,0.11411582167643852,207
8,15,9,0.11297047800386975,216
8,15,10,0.11189599916651617,225
8,15,11,0.11140739830719627,234
8,15,12,0.11095099569977361,243
8,15,13,0.11023706291126072,252
8,15,14,0.10925606785239451,261
8,15,15,0.10905325658011496,270
9,1,1,0.9496079975343716,20
9,1,2,0.6150870660378084,30
9,1,3,0.47581289051159,40
9,1,4,0.43799009338709527,50
9,1,5,0.4251775739280912,60
9,1,6,0.42291907791737415,70
9,1,7,0.4221051502678555,80
9,1,8,0.42166319785251544,90
9,1,9,0.4204509845810104,100
9,1,10,0.41675354030925615,110
9,1,11,0.4133711870203705,120
9,1,12,0.4109494092686384,130
9,1,13,0.41007083729399874,140
9,1,14,0.40970766087983873,150
9,1,15,0.40964658754210226,160
9,2,1,0.6147097857747331,30
9,2,2,0.37855883441654853,40
9,2,3,0.3382582017600914,50
9,2,4,0.2843304323101804,60
9,2,5,0.2678919135277152,70
9,2,6,0.26566106823655206,80
9,2,7,0.2639483331014967,90
9,2,8,0.2625803518425305,100
9,2,9,0.2621791135717917,110
9,2,10,0.2616874469556006,120
9,2,11,0.2612441707500348,130
9,2,12,0.26099250889663406,140
9,2,13,0.26081393241640255,150
9,2,14,0.25991750292347676,160
9,2,15,0.25989416930003323,170
9,3,1,0.47649253932754393,40
9,3,2,0.33825784266780745,50
9,3,3,0.30794049697077,60
9,3,4,0.2510953786204939,70
9,3,5,0.2345811017487466,80
9,3,6,0.2311181019935839,90
9,3,7,0.22927670297546493,100
9,3,8,0.2265172653121994,110
9,3,9,0.22475498028826335,120
9,3,10,0.2242932316446126,130
9,3,11,0.22376930929307118,140
9,3,12,0.22343714988614047,150
9,3,13,0.22263058787544782,160
9,3,14,0.22145333916828708,170
9,3,15,0.22143655053350625,180
9,4,1,0.4376479381545099,50
9,4,2,0.2854680536742589,60
9,4,3,0.2521028585538632,70
9,4,4,0.17806419784865143,80
9,4,5,0.1534865795504152,90
9,4,6,0.14802714735607525,100
9,4,7,0.1434548898703902,110
9,4,8,0.141142421118284,120
9,4,9,0.1389331647916952,130
9,4,10,0.13820587545050958,140
9,4,11,0.13750618047154003,150
9,4,12,0.13703196303430867,160
9,4,13,0.13609978715563684,170
9,4,14,0.13497908009678045,180
9,4,15,0.1348301692097562,190
9,5,1,0.4248759419215655,60
9,5,2,0.26931682242035665,70
9,5,3,0.23596766010803136,80
9,5,4,0.15382582751951035,90
9,5,5,0.1296309271778902,100
9,5,6,0.12261638396502599,110
9,5,7,0.12077318553901911,120
9,5,8,0.11893247503492684,130
9,5,9,0.11787575492085794,140
9,5,10,0.11706340371982951,150
9,5,11,0.11678711647784482,160
9,5,12,0.11622067192478262,170
9,5,13,0.11567503650047896,180
9,5,14,0.11469826774592536,190
9,5,15,0.11451880751392447,200
9,6,1,0.4228818769315505,70
9,6,2,0.26707896980109597,80
9,6,3,0.23252979572072655,90
9,6,4,0.14807969983190405,100
9,6,5,0.12239010254430331,110
9,6,6,0.11707329228692848,120
9,6,7,0.11583910877584802,130
9,6,8,0.11436388548225822,140
9,6,9,0.11344433611754576,150
9,6,10,0.11259321450413919,160
9,6,11,0.11236637435236822,170
9,6,12,0.11175850137311642,180
9,6,13,0.11124783159779222,190
9,6,14,0.11034264747646597,200
9,6,15,0.1102671199641258,210
9,7,1,0.4219640068718107,80
9,7,2,0.26496761683142517,90
9,7,3,0.23019356879451766,100
9,7,4,0.14342766799530535,110
9,7,5,0.12017451454420397,120
9,7,6,0.11556409571026201,130
9,7,7,0.1136947007835117,140
9,7,8,0.11259555857828323,150
9,7,9,0.11164749969403141,160
9,7,10,0.11070496972792651,170
9,7,11,0.11052006015741256,180
9,7,12,0.10990216265835326,190
9,7,13,0.1093831343692096,200
9,7,14,0.1084989945519419,210
9,7,15,0.10843823175609713,220
9,8,1,0.42150384252810663,90
9,8,2,0.26366949762960157,100
9,8,3,0.22730227809657952,110
9,8,4,0.14118452841444215,120
9,8,5,0.11829446448100521,130
9,8,6,0.11427972040479663,140
9,8,7,0.11262723534898478,150
9,8,8,0.11144974789245601,160
9,8,9,0.11043329984302817,170
9,8,10,0.10944369725448057,180
9,8,11,0.10925198202870672,190
9,8,12,0.10863367397478879,200
9,8,13,0.10814036144339464,210
9,8,14,0.10727328957791635,220
9,8,15,0.10721806811467838,230
9,9,1,0.4203104606739919,100
9,9,2,0.26323171256625877,110
9,9,3,0.22593437748611764,120
9,9,4,0.13901759406239028,130
9,9,5,0.11713534062600527,140
9,9,6,0.11314183135574689,150
9,9,7,0.11148416519046017,160
9,9,8,0.11029092461197783,170
9,9,9,0.10931142010236694,180
9,9,10,0.10831197919357018,190
9,9,11,0.10810416215943953,200
9,9,12,0.10747291283909163,210
9,9,13,0.10698324838090931,220
9,9,14,0.10621382452903497,230
9,9,15,0.1061467676979098,240
9,10,1,0.41457316177490466,110
9,10,2,0.2627749722626767,120
9,10,3,0.2255883628293761,130
9,10,4,0.138138955676172,140
9,10,5,0.11614688985775411,150
9,10,6,0.11218522273435379,160
9,10,7,0.1104356309686495,170
9,10,8,0.10920837500317124,180
9,10,9,0.10826532366600367,190
9,10,10,0.10712294512056997,200
9,10,11,0.10680615779658043,210
9,10,12,0.10628420066312484,220
9,10,13,0.10582132560941315,230
9,10,14,0.10507813094171853,240
9,10,15,0.10499320566345373,250
9,11,1,0.4096348672676838,120
9,11,2,0.2620584276101338,130
9,11,3,0.22482543405757885,140
9,11,4,0.13753211452640687,150
9,11,5,0.11593531067024464,160
9,11,6,0.11192047005373483,170
9,11,7,0.11019631395692707,180
9,11,8,0.10901646817959869,190
9,11,9,0.10806585502224011,200
9,11,10,0.10681157242807368,210
9,11,11,0.1064967682131578,220
9,11,12,0.10593398298369212,230
9,11,13,0.10548243273103645,240
9,11,14,0.10472999969038674,250
9,11,15,0.10463979784069846,260
9,12,1,0.4077413689406448,130
9,12,2,0.2617322970257845,140
9,12,3,0.2245030624128617,150
9,12,4,0.13715570645383449,160
9,12,5,0.11544409685368329,170
9,12,6,0.11141640769870466,180
9,12,7,0.10973439878615278,190
9,12,8,0.1084986206507575,200
9,12,9,0.1075175865857582,210
9,12,10,0.10635507981450451,220
9,12,11,0.10600914192787646,230
9,12,12,0.10543500454920816,240
9,12,13,0.1049534525542239,250
9,12,14,0.10420709630702066,260
9,12,15,0.10410086289847649,270
9,13,1,0.40680140122395825,140
9,13,2,0.26175311561753795,150
9,13,3,0.22391932933784384,160
9,13,4,0.13666798389769416,170
9,13,5,0.11511790388105368,180
9,13,6,0.11114237105085163,190
9,13,7,0.10949458080219444,200
9,13,8,0.10826867374282002,210
9,13,9,0.10729685783481636,220
9,13,10,0.10612639170728361,230
9,13,11,0.10578330041592351,240
9,13,12,0.10520813681512968,250
9,13,13,0.10471382689009855,260
9,13,14,0.1039524366254222,270
9,13,15,0.10384162287878516,280
9,14,1,0.406936491964911,150
9,14,2,0.2610659420500966,160
9,14,3,0.22305093550895888,170
9,14,4,0.13575783088552454,180
9,14,5,0.11465544951052851,190
9,14,6,0.11072319148017014,200
9,14,7,0.109076859164013,210
9,14,8,0.10786024964482877,220
9,14,9,0.10691898956747169,230
9,14,10,0.10581120515504898,240
9,14,11,0.10543256481295377,250
9,14,12,0.10487646189240976,260
9,14,13,0.104365678135564,270
9,14,14,0.10357398640115284,280
9,14,15,0.10347181268114312,290
9,15,1,0.406885118176858,160
9,15,2,0.2611436398046723,170
9,15,3,0.22313829390041567,180
9,15,4,0.13576766951525426,190
9,15,5,0.11468464809339275,200
9,15,6,0.11073529474041593,210
9,15,7,0.10910272635418912,220
9,15,8,0.10788245805733213,230
9,15,9,0.10693594159917347,240
9,15,10,0.10579921211063412,250
9,15,11,0.10542417530919958,260
9,15,12,0.10484789555543253,270
9,15,13,0.10432793029061596,280
9,15,14,0.10352405537785116,290
9,15,15,0.10340149160822323,300
10,1,1,0.9496177788915349,22
10,1,2,0.6047540145035849,33
10,1,3,0.4683915002348865,44
10,1,4,0.43053933172842174,55
10,1,5,0.41490602344603134,66
10,1,6,0.41262932017891807,77
10,1,7,0.41132922949370476,88
10,1,8,0.41054671261686393,99
10,1,9,0.4086364627191797,110
10,1,10,0.40489062653502805,121
10,1,11,0.40248864859521194,132
10,1,12,0.4004494525363235,143
10,1,13,0.39892935525006357,154
10,1,14,0.39857770117502156,165
10,1,15,0.3984349835690088,176
10,2,1,0.6035781005727822,33
10,2,2,0.37456812543241574,44
10,2,3,0.33304630270325497,55
10,2,4,0.27816006465756343,66
10,2,5,0.2610535404709885,77
10,2,6,0.25827455056671195,88
10,2,7,0.2563380347525619,99
10,2,8,0.25488293149914537,110
10,2,9,0.25414694793320625,121
10,2,10,0.2534164579817071,132
10,2,11,0.2530731781479404,143
10,2,12,0.25278561859520654,154
10,2,13,0.25261942118512126,165
10,2,14,0.2521221006701103,176
10,2,15,0.25206584709269253,187
10,3,1,0.4687115682425691,44
10,3,2,0.33280935620248925,55
10,3,3,0.3056663254940664,66
10,3,4,0.24914649773211717,77
10,3,5,0.23110420196284218,88
10,3,6,0.2269921744315494,99
10,3,7,0.22461057918511887,110
10,3,8,0.2206404187927049,121
10,3,9,0.21892102786714093,132
10,3,10,0.2181820415351731,143
10,3,11,0.2177088336793502,154
10,3,12,0.21735223265358092,165
10,3,13,0.21661648431891284,176
10,3,14,0.21552225644934916,187
10,3,15,0.21541827959761484,198
10,4,1,0.43034863439397025,55
10,4,2,0.27899807425656725,66
10,4,3,0.2501734644067131,77
10,4,4,0.17324831728462153,88
10,4,5,0.14519296758605985,99
10,4,6,0.13733501299179088,110
10,4,7,0.134219968346659,121
10,4,8,0.13172766232678323,132
10,4,9,0.13072706031004053,143
10,4,10,0.1293047906031447,154
10,4,11,0.12905811905414752,165
10,4,12,0.12820774611917332,176
10,4,13,0.12735589381065793,187
10,4,14,0.1264190602072828,198
10,4,15,0.12625940227050006,209
10,5,1,0.414956305767851,66
10,5,2,0.2624577414442239,77
10,5,3,0.2326543245879154,88
10,5,4,0.1456901888639624,99
10,5,5,0.12131973344693826,110
10,5,6,0.11489844989176419,121
10,5,7,0.11246807875492901,132
10,5,8,0.11113965044960855,143
10,5,9,0.1102945278508968,154
10,5,10,0.10905298022388303,165
10,5,11,0.10877022791793539,176
10,5,12,0.10798724577931831,187
10,5,13,0.10734053223175326,198
10,5,14,0.106472622281278,209
10,5,15,0.10641978845606316,220
10,6,1,0.4128681685866661,77
10,6,2,0.25970457132200786,88
10,6,3,0.22843685821047643,99
10,6,4,0.13772096354642688,110
10,6,5,0.1146505857872537,121
10,6,6,0.10949777136268256,132
10,6,7,0.10756770253466619,143
10,6,8,0.10648765877340018,154
10,6,9,0.10557133016679979,165
10,6,10,0.10431686825916697,176
10,6,11,0.1040269147485387,187
10,6,12,0.10318917120426009,198
10,6,13,0.10257991395332196,209
10,6,14,0.1018321771192836,220
10,6,15,0.1017758151167214,231
10,7,1,0.41150624716394546,88
10,7,2,0.25748317895207484,99
10,7,3,0.22578675804062653,110
10,7,4,0.13437128742442359,121
10,7,5,0.11168585996178391,132
10,7,6,0.10721582078711973,143
10,7,7,0.1051777866028825,154
10,7,8,0.10432609417815614,165
10,7,9,0.10335627800886533,176
10,7,10,0.102081059762228,187
10,7,11,0.10175481836875372,198
10,7,12,0.10098657907460795,209
10,7,13,0.10037741596496984,220
10,7,14,0.0996438016019269,231
10,7,15,0.09963964089303474,242
10,8,1,0.4106335006490878,99
10,8,2,0.25593860060230433,110
10,8,3,0.22161169117318288,121
10,8,4,0.13190476405100324,132
10,8,5,0.11031364287642767,143
10,8,6,0.10622691448591134,154
10,8,7,0.10425649303569522,165
10,8,8,0.103263080493089,176
10,8,9,0.10220283325545862,187
10,8,10,0.10087976852099678,198
10,8,11,0.10067854753692838,209
10,8,12,0.09984365136004952,220
10,8,13,0.09930008573194685,231
10,8,14,0.09861206653308996,242
10,8,15,0.09861733788810303,253
10,9,1,0.4087866455927615,110
10,9,2,0.2553754239583397,121
10,9,3,0.2205006181100608,132
10,9,4,0.1309033981608856,143
10,9,5,0.10931282488477595,154
10,9,6,0.10517491288312422,165
10,9,7,0.10319729782425603,176
10,9,8,0.10215557428900239,187
10,9,9,0.1011759965613015,198
10,9,10,0.09987038421076785,209
10,9,11,0.09963523464770786,220
10,9,12,0.09879781020398473,231
10,9,13,0.09825747032687022,242
10,9,14,0.09769091297061806,253
10,9,15,0.09768458522627461,264
10,10,1,0.4030425107142104,121
10,10,2,0.25464132605182466,132
10,10,3,0.21986337062550046,143
10,10,4,0.1292802891718536,154
10,10,5,0.10789208078462056,165
10,10,6,0.1038272859606957,176
10,10,7,0.10180513913948419,187
10,10,8,0.1007316619780709,198
10,10,9,0.09979690513720968,209
10,10,10,0.09839612540351632,220
10,10,11,0.09804739079984803,231
10,10,12,0.09736134035245061,242
10,10,13,0.096830839459699,253
10,10,14,0.09632435616214652,264
10,10,15,0.09629585674813174,275
10,11,1,0.3989176736574376,132
10,11,2,0.2539497998973254,143
10,11,3,0.21927134018844374,154
10,11,4,0.12903717458596778,165
10,11,5,0.10759262928901574,176
10,11,6,0.10346424388050258,187
10,11,7,0.10144985231270279,198
10,11,8,0.10050569213065395,209
10,11,9,0.09954439889615217,220
10,11,10,0.09804524508421629,231
10,11,11,0.0976349501945793,242
10,11,12,0.09687484707038702,253
10,11,13,0.09633310611486799,264
10,11,14,0.09585703755117339,275
10,11,15,0.09582335669519791,286
10,12,1,0.39748461202996116,143
10,12,2,0.25368742198223093,154
10,12,3,0.21889435228070075,165
10,12,4,0.12820647513025052,176
10,12,5,0.10693524477595001,187
10,12,6,0.10277493584201791,198
10,12,7,0.10080153715013672,209
10,12,8,0.09979939012970052,220
10,12,9,0.09881864760011747,231
10,12,10,0.0974381732856906,242
10,12,11,0.09698467119751111,253
10,12,12,0.09628037579978424,264
10,12,13,0.09573409154183325,275
10,12,14,0.09527841959894467,286
10,12,15,0.09523370872059066,297
10,13,1,0.39597490315238015,154
10,13,2,0.2533592244568292,165
10,13,3,0.2185098768168752,176
10,13,4,0.12777288010558144,187
10,13,5,0.10643277131401421,198
10,13,6,0.10228193867989999,209
10,13,7,0.1003492864609057,220
10,13,8,0.09940271024706607,231
10,13,9,0.09842990993146963,242
10,13,10,0.09702423624686905,253
10,13,11,0.09653360357130233,264
10,13,12,0.095878399234896,275
10,13,13,0.09532744434487483,286
10,13,14,0.09490076859792793,297
10,13,15,0.09484933003968016,308
10,14,1,0.39618040241044455,165
10,14,2,0.25301966415506566,176
10,14,3,0.21754844497613796,187
10,14,4,0.1272573291080839,198
10,14,5,0.10627455125286323,209
10,14,6,0.1021407210901733,220
10,14,7,0.10018920644584378,231
10,14,8,0.09923627142612312,242
10,14,9,0.09830612754894631,253
10,14,10,0.09696596497220678,264
10,14,11,0.09644719584945975,275
10,14,12,0.09580819114048164,286
10,14,13,0.0952652244436245,297
10,14,14,0.094822187086156,308
10,14,15,0.09477153732156725,319
10,15,1,0.39596570722381447,176
10,15,2,0.2530494312889771,187
10,15,3,0.2176613636216802,198
10,15,4,0.12728394217599534,209
10,15,5,0.10633986145108654,220
10,15,6,0.10216808761367596,231
10,15,7,0.10024470879508797,242
10,15,8,0.09929436701323772,253
10,15,9,0.09835410377282482,264
10,15,10,0.0969724414491465,275
10,15,11,0.09645159060548417,286
10,15,12,0.09580517842354185,297
10,15,13,0.09525751301434511,308
10,15,14,0.09481164404963546,319
10,15,15,0.09477197802501111,330
