memory,order_r,order_i,estimator_factory,score,n_coef,N
4,4,1,"functools.partial(<class 'src.core.estimators.Ridge'>, lam=0.0001)",0.4734883046766943,130,9673
5,4,4,"functools.partial(<class 'src.core.estimators.Ridge'>, lam=0.0001)",0.4521607518855655,418,9672
4,3,5,"functools.partial(<class 'src.core.estimators.Ridge'>, lam=1e-05)",0.1999981688625644,306,9673
5,2,3,"functools.partial(<class 'src.core.estimators.Ridge'>, lam=1e-05)",0.45727284263064744,110,9672
1,5,3,"functools.partial(<class 'src.core.estimators.Ridge'>, lam=0.01)",0.3898049092163333,29,9676
5,2,3,"functools.partial(<class 'src.core.estimators.Ridge'>, lam=1e-06)",0.4557646633271275,110,9672
1,3,4,"functools.partial(<class 'src.core.estimators.Ridge'>, lam=0.01)",0.462322878207042,23,9676
1,3,4,"functools.partial(<class 'src.core.estimators.Ridge'>, lam=0.0001)",0.45969734428779774,23,9676
5,2,5,"functools.partial(<class 'src.core.estimators.Ridge'>, lam=0.001)",0.24318460860504637,488,9672
4,5,3,"functools.partial(<class 'src.core.estimators.Ridge'>, lam=1e-06)",0.18868101788315342,306,9673
5,1,1,"functools.partial(<class 'src.core.estimators.Ridge'>, lam=0.001)",0.9489938745197825,12,9672
1,5,4,"functools.partial(<class 'src.core.estimators.Ridge'>, lam=0.0001)",0.3683310919074305,34,9676
2,3,1,"functools.partial(<class 'src.core.estimators.Ridge'>, lam=1e-05)",0.48367067195178504,22,9675
5,2,2,"functools.partial(<class 'src.core.estimators.Ridge'>, lam=1e-05)",0.948393540776685,54,9672
5,4,1,"functools.partial(<class 'src.core.estimators.Ridge'>, lam=1e-06)",0.4628630141307818,215,9672
3,5,4,"functools.partial(<class 'src.core.estimators.Ridge'>, lam=1e-06)",0.198793757524685,194,9674
3,5,3,"functools.partial(<class 'src.core.estimators.Ridge'>, lam=1e-06)",0.19879197441119706,159,9674
5,3,5,"functools.partial(<class 'src.core.estimators.Ridge'>, lam=1e-05)",0.18991149658864415,544,9672
5,5,5,"functools.partial(<class 'src.core.estimators.Ridge'>, lam=0.0001)",0.17268972187308607,922,9672
4,1,5,"functools.partial(<class 'src.core.estimators.Ridge'>, lam=0.001)",0.2972599846122671,256,9673
3,5,2,"functools.partial(<class 'src.core.estimators.Ridge'>, lam=0.0001)",0.31836603893992976,139,9674
2,2,2,"functools.partial(<class 'src.core.estimators.Ridge'>, lam=1e-06)",0.9485466146734753,18,9675
5,3,4,"functools.partial(<class 'src.core.estimators.Ridge'>, lam=1e-06)",0.45222712243735114,292,9672
1,2,2,"functools.partial(<class 'src.core.estimators.Ridge'>, lam=1e-06)",0.9486631277694797,10,9676
1,5,4,"functools.partial(<class 'src.core.estimators.Ridge'>, lam=0.01)",0.38978972561150155,34,9676
3,5,2,"functools.partial(<class 'src.core.estimators.Ridge'>, lam=1e-05)",0.25072439239605815,139,9674
5,4,5,"functools.partial(<class 'src.core.estimators.Ridge'>, lam=0.0001)",0.20024941099045224,670,9672
4,4,3,"functools.partial(<class 'src.core.estimators.Ridge'>, lam=1e-06)",0.4526178126351477,180,9673
3,5,1,"functools.partial(<class 'src.core.estimators.Ridge'>, lam=0.001)",0.36036388104067857,129,9674
5,3,2,"functools.partial(<class 'src.core.estimators.Ridge'>, lam=1e-05)",0.46452291374996635,110,9672
1,3,1,"functools.partial(<class 'src.core.estimators.Ridge'>, lam=1e-05)",0.5061337746906461,11,9676
3,2,3,"functools.partial(<class 'src.core.estimators.Ridge'>, lam=0.001)",0.47409045102064695,48,9674
1,1,2,"functools.partial(<class 'src.core.estimators.Ridge'>, lam=1e-05)",0.9486868792387659,7,9676
1,5,5,"functools.partial(<class 'src.core.estimators.Ridge'>, lam=0.01)",0.26935468891556946,40,9676
1,1,1,"functools.partial(<class 'src.core.estimators.Ridge'>, lam=1e-05)",0.9486896035329243,4,9676
5,5,1,"functools.partial(<class 'src.core.estimators.Ridge'>, lam=0.001)",0.24261745334626514,467,9672
1,3,1,"functools.partial(<class 'src.core.estimators.Ridge'>, lam=1e-06)",0.5058082274651171,11,9676
5,1,2,"functools.partial(<class 'src.core.estimators.Ridge'>, lam=1e-05)",0.9489280707948263,33,9672
1,4,2,"functools.partial(<class 'src.core.estimators.Ridge'>, lam=1e-06)",0.5057003884382323,19,9676
1,5,4,"functools.partial(<class 'src.core.estimators.Ridge'>, lam=0.01)",0.38978972561150155,34,9676
1,3,1,"functools.partial(<class 'src.core.estimators.Ridge'>, lam=1e-05)",0.5061337746906461,11,9676
1,3,3,"functools.partial(<class 'src.core.estimators.Ridge'>, lam=0.001)",0.46043683128419566,18,9676
2,1,5,"functools.partial(<class 'src.core.estimators.Ridge'>, lam=0.001)",0.3988018312634483,58,9675
1,5,1,"functools.partial(<class 'src.core.estimators.Ridge'>, lam=0.001)",0.6089627694328391,22,9676
2,3,3,"functools.partial(<class 'src.core.estimators.Ridge'>, lam=0.001)",0.4566712425857852,38,9675
5,2,2,"functools.partial(<class 'src.core.estimators.Ridge'>, lam=1e-06)",0.9484206649640032,54,9672
2,2,3,"functools.partial(<class 'src.core.estimators.Ridge'>, lam=0.01)",0.5499039737415854,28,9675
3,1,5,"functools.partial(<class 'src.core.estimators.Ridge'>, lam=0.001)",0.3547488681278173,129,9674
2,1,4,"functools.partial(<class 'src.core.estimators.Ridge'>, lam=0.001)",0.49240301608045034,37,9675
5,5,3,"functools.partial(<class 'src.core.estimators.Ridge'>, lam=0.0001)",0.19624953825782604,544,9672
4,3,2,"functools.partial(<class 'src.core.estimators.Ridge'>, lam=0.01)",0.48303468117603493,75,9673
1,4,1,"functools.partial(<class 'src.core.estimators.Ridge'>, lam=0.0001)",0.5346916987844976,16,9676
1,5,3,"functools.partial(<class 'src.core.estimators.Ridge'>, lam=1e-05)",0.36246155250577294,29,9676
2,4,3,"functools.partial(<class 'src.core.estimators.Ridge'>, lam=0.01)",0.4587505754188376,53,9675
3,3,5,"functools.partial(<class 'src.core.estimators.Ridge'>, lam=0.01)",0.3524121839928227,159,9674
2,3,4,"functools.partial(<class 'src.core.estimators.Ridge'>, lam=0.001)",0.45662465215005954,53,9675
1,1,5,"functools.partial(<class 'src.core.estimators.Ridge'>, lam=1e-05)",0.4112124861979603,22,9676
3,2,2,"functools.partial(<class 'src.core.estimators.Ridge'>, lam=1e-05)",0.9483834468170385,28,9674
4,4,5,"functools.partial(<class 'src.core.estimators.Ridge'>, lam=0.001)",0.27570184669013925,376,9673
1,4,5,"functools.partial(<class 'src.core.estimators.Ridge'>, lam=0.001)",0.3782517476257652,34,9676
1,2,4,"functools.partial(<class 'src.core.estimators.Ridge'>, lam=1e-06)",0.49817726743553403,19,9676
3,2,4,"functools.partial(<class 'src.core.estimators.Ridge'>, lam=0.01)",0.4902284840152964,83,9674
4,5,5,"functools.partial(<class 'src.core.estimators.Ridge'>, lam=1e-06)",0.17068297122486129,502,9673
1,4,3,"functools.partial(<class 'src.core.estimators.Ridge'>, lam=0.0001)",0.4597241187036585,23,9676
4,1,4,"functools.partial(<class 'src.core.estimators.Ridge'>, lam=1e-05)",0.46181742582759533,130,9673
5,1,2,"functools.partial(<class 'src.core.estimators.Ridge'>, lam=1e-06)",0.9489783638892113,33,9672
4,4,3,"functools.partial(<class 'src.core.estimators.Ridge'>, lam=1e-06)",0.4526178126351477,180,9673
2,1,1,"functools.partial(<class 'src.core.estimators.Ridge'>, lam=0.01)",0.9487484693935243,6,9675
5,1,2,"functools.partial(<class 'src.core.estimators.Ridge'>, lam=1e-06)",0.9489783638892113,33,9672
5,2,3,"functools.partial(<class 'src.core.estimators.Ridge'>, lam=0.0001)",0.4619136148617025,110,9672
2,1,4,"functools.partial(<class 'src.core.estimators.Ridge'>, lam=0.001)",0.49240301608045034,37,9675
1,1,3,"functools.partial(<class 'src.core.estimators.Ridge'>, lam=0.001)",0.6684129809997376,11,9676
1,3,2,"functools.partial(<class 'src.core.estimators.Ridge'>, lam=0.01)",0.7228490459298993,14,9676
3,1,2,"functools.partial(<class 'src.core.estimators.Ridge'>, lam=0.0001)",0.9488135619310863,18,9674
1,1,1,"functools.partial(<class 'src.core.estimators.Ridge'>, lam=1e-05)",0.9486896035329243,4,9676
3,5,3,"functools.partial(<class 'src.core.estimators.Ridge'>, lam=0.0001)",0.29421625456284745,159,9674
5,1,5,"functools.partial(<class 'src.core.estimators.Ridge'>, lam=0.001)",0.24307720186112686,467,9672
4,4,3,"functools.partial(<class 'src.core.estimators.Ridge'>, lam=0.01)",0.4549572022276335,180,9673
2,2,4,"functools.partial(<class 'src.core.estimators.Ridge'>, lam=0.01)",0.5498939931282752,43,9675
3,1,2,"functools.partial(<class 'src.core.estimators.Ridge'>, lam=1e-05)",0.9488451920728289,18,9674
3,3,3,"functools.partial(<class 'src.core.estimators.Ridge'>, lam=0.0001)",0.45318940842500866,68,9674
1,3,5,"functools.partial(<class 'src.core.estimators.Ridge'>, lam=1e-06)",0.3531639883789363,29,9676
1,3,2,"functools.partial(<class 'src.core.estimators.Ridge'>, lam=1e-05)",0.5060601365116011,14,9676
5,3,3,"functools.partial(<class 'src.core.estimators.Ridge'>, lam=0.001)",0.45263499265703827,166,9672
5,2,3,"functools.partial(<class 'src.core.estimators.Ridge'>, lam=1e-06)",0.4557646633271275,110,9672
4,2,1,"functools.partial(<class 'src.core.estimators.Ridge'>, lam=0.0001)",0.948919593819459,25,9673
2,5,1,"functools.partial(<class 'src.core.estimators.Ridge'>, lam=0.0001)",0.37545557003835284,58,9675
4,3,3,"functools.partial(<class 'src.core.estimators.Ridge'>, lam=0.001)",0.4531589619991286,110,9673
1,1,5,"functools.partial(<class 'src.core.estimators.Ridge'>, lam=0.001)",0.6082896604661073,22,9676
4,3,3,"functools.partial(<class 'src.core.estimators.Ridge'>, lam=1e-06)",0.45223469987798004,110,9673
4,1,4,"functools.partial(<class 'src.core.estimators.Ridge'>, lam=0.001)",0.46746869959564746,130,9673
1,3,3,"functools.partial(<class 'src.core.estimators.Ridge'>, lam=1e-05)",0.4578027436922209,18,9676
2,5,4,"functools.partial(<class 'src.core.estimators.Ridge'>, lam=1e-06)",0.28379633753123146,89,9675
1,1,2,"functools.partial(<class 'src.core.estimators.Ridge'>, lam=1e-05)",0.9486868792387659,7,9676
1,4,1,"functools.partial(<class 'src.core.estimators.Ridge'>, lam=1e-06)",0.5058017521363112,16,9676
4,5,5,"functools.partial(<class 'src.core.estimators.Ridge'>, lam=0.0001)",0.17549820552613052,502,9673
4,4,5,"functools.partial(<class 'src.core.estimators.Ridge'>, lam=1e-05)",0.20013029504739238,376,9673
4,1,3,"functools.partial(<class 'src.core.estimators.Ridge'>, lam=1e-05)",0.4619569853195484,60,9673
3,5,2,"functools.partial(<class 'src.core.estimators.Ridge'>, lam=0.001)",0.360422331179189,139,9674
2,3,1,"functools.partial(<class 'src.core.estimators.Ridge'>, lam=1e-06)",0.48350450140561496,22,9675
