xmag,gm,go
1.138810318576639,27.26163434624985,27.2804640292351
0.7587743341813321,27.402323162303688,27.278605876329244
0.16871319389679532,27.47195014963588,27.514350061034154
0.9731729177509673,27.2328550514655,27.21134359535113
1.0764865701671418,27.22380029680941,27.15064449476403
0.431453380641293,27.68823185891194,27.308982665058306
0.49904800846593367,27.640467505047805,27.423672071715252
1.1025409295216277,27.247733081388404,27.05030429147548
0.9205118717233798,27.23650638536292,27.1814552396403
0.0938728356589459,27.55749886076492,27.349349181374805
0.7921016603319707,27.347617378796198,27.24243168236552
1.1328489857121198,27.2473778425993,26.977014950427503
0.676004237739095,27.5330123917197,27.309150034197987
0.2523944922787694,27.527218946432907,27.398539285757167
1.0123219267507149,27.21946278757327,27.15101110726588
1.0439786129974127,27.207834105721606,27.09917623827664
0.3216667586666862,27.563677535941803,27.417127154493343
0.5889327308723036,27.58313789317446,27.381170161997126
1.1021489316896984,27.243498357196838,27.216133673351063
0.8382154510735752,27.297235538504747,27.293113663251916
0.007935261833256694,25.492937465631293,27.485374637331645
0.8627037392669575,27.295467065597844,27.39705712912428
1.1084751428396489,27.236710181731098,27.363933846959437
0.5832718177854826,27.596963091939415,27.451904869039506
0.35068514575568355,27.607408173688768,27.37423953714409
1.0331897512057944,27.23166408178564,27.44050273421673
0.9952676131509074,27.210944869610415,27.450320065945487
0.22069292226957482,27.56518974100006,27.516913033722794
0.6727620322942771,27.519030959176035,27.38798575701078
1.1209116469199842,27.242653901555283,27.444917934291485
0.7783081273454987,27.37464332666248,27.39573123610395
0.12284965867041774,27.270888267666457,27.533007809354146
0.9273783988868008,27.248848698350304,27.37607429069873
1.0819181394614508,27.235325931483278,27.368726782306787
0.46152566956752783,27.673180987012692,27.339639090966678
0.46959985919803576,27.666960809492764,27.4846624490742
1.083838113366853,27.23937847306351,27.265540754458804
0.9620873260747668,27.22814853047648,27.284124680117536
0.15779639286792438,27.6194951543105,27.344221719632888
0.7442587506315708,27.42534754051126,27.346705608171135
1.1096691370704845,27.22866511266052,27.107420430278136
0.7011963515544004,27.49775907517464,27.33955767971451
0.21221764621660438,27.469416581214062,27.356865833706728
0.9621730160348252,27.220460516164895,27.140714084241367
1.0405930105766656,27.21979194442028,27.04089695075375
0.4029221549457715,27.66546115511595,27.42609231539231
0.5382652496781483,27.622716534248664,27.30951933804532
1.073691684751938,27.230421178733835,27.044447206244612
0.8753707268109336,27.273385220508885,27.137421144241657
0.049482556683064276,27.652334448624686,27.46200000133642
0.8371609805124692,27.30160167123313,27.234933521806212
1.1199960126379769,27.248081906036994,27.126621536423126
0.6139385666758493,27.59593174469728,27.334405305161162
0.30308895558512355,27.541471569559924,27.409063290412536
1.0012997749906325,27.23950855065022,27.25954802628372
1.0198865292063455,27.211023802591875,27.3121172751353
0.2958343002054424,27.567197496214977,27.460932645932253
0.6355450848312716,27.545829761356643,27.372935615437918
1.113510790629929,27.241060031084025,27.36508757385987
0.829681617340038,27.33933634020432,27.40585232624847
0.06189830916931355,27.297518437691494,27.52934572439079
0.8834493067927162,27.279878738296944,27.415793013507248
1.1068568633426774,27.23307951333636,27.45229462790831
0.5127720066325218,27.667902391700807,27.382066752955645
0.42112889420258043,27.632909154931767,27.519209985207805
1.0643946240311881,27.222552072077214,27.44924076167626
0.9792483013586377,27.216987976084816,27.441227534669896
0.19482022758387926,27.568835149861464,27.357096375758093
0.693386839179937,27.471639626608884,27.469005927932773
1.1226805023870714,27.229836563882728,27.35627513720962
0.7438460859658564,27.430874393276945,27.414608301177644
0.13442229208397607,27.37325079390893,27.343105279477697
0.9450282578898701,27.246364709197763,27.33825483486825
1.064456823698773,27.215643538589273,27.212305453050575
0.4584710005490989,27.683054369359002,27.457191474670605
0.49919445944417795,27.648476175341887,27.312838954795883
1.0780457250412936,27.22856868534027,27.103323579205096
0.9337261053076994,27.235521973004168,27.1262478491446
0.10963507672878393,27.5043584914065,27.523248031362442
0.7892603636759619,27.378077082097438,27.198971029925715
1.1223109085509069,27.248136106410318,27.003510608402166
0.6771573403058823,27.49767542911881,27.232592500842845
0.2485941742014865,27.531951030969346,27.446662644350543
0.975753534769347,27.222665553062892,27.117843127127756
1.0310985018108736,27.20011011675158,27.106245300949574
0.33777526205225783,27.62514997357308,27.386613790110736
0.5716968572120255,27.598059697596536,27.35389140442581
1.1069420252059012,27.229393784400067,27.125013016282512
0.8460302805207206,27.287898978094347,27.298808197173983
0.012652117174084444,28.225353073472533,27.437808125433875
0.8503749826337137,27.309703196457,27.31580614180135
1.105829143068621,27.229647672742807,27.267108972223056
0.5939077335949265,27.62161748379887,27.382959747708654
0.34981216025895256,27.582724732393512,27.493570793081545
1.0269110767331078,27.228484480676794,27.39662162179101
0.9967756583734517,27.229889389156618,27.417513269978016
0.26876409715394955,27.571025111487295,27.372426759330143
0.6579328296544411,27.52905735339408,27.49305835788487
1.1087394003901156,27.24301172593727,27.475468975738014
0.7863817114297581,27.37041463446459,27.482474990590052
0.08909256525172672,27.391815514522683,27.345456961068237
0.904456262577285,27.25712156149352,27.459127534570598
1.0861030480751779,27.226944577922136,27.41748311557684
0.48834901294676436,27.669845730352097,27.501200733893093
0.4355615623500412,27.62647753546861,27.34212020062961
1.0764947133340514,27.229483797532748,27.33292568694198
0.9515934438163607,27.224622294222357,27.307681455181406
0.16548438068310262,27.617067437682135,27.53403680970957
0.7333377711383925,27.439546526475485,27.278475920048912
1.1243769541103525,27.2476319428265,27.161560309045377
0.7020066892609109,27.498298933714228,27.245381439753267
0.21015528067504702,27.53084424548826,27.499393141841054
0.9684465774641209,27.233831676417456,27.13545617526997
1.0420732562730377,27.216993235685646,27.09176994215817
0.4201065397465398,27.669898541178718,27.31533582794254
0.514640244460416,27.627510218048915,27.383474362204062
1.0868971670252463,27.231283205666436,27.020228554532295
0.889097723585724,27.26450547843993,27.181862871547082
0.056467224625924996,27.463459106735296,27.43441731571242
0.807482297273909,27.341117202987476,27.244742214055776
1.103970869042307,27.240909082888184,27.053977001811617
0.6306618397754085,27.579333444383725,27.333275092690158
0.2868082453123763,27.489377313419606,27.434501760022005
1.0072909227469493,27.22185283383217,27.214247790880407
1.0050992097248828,27.20709238488057,27.197646465555543
0.32105810653388744,27.630187544290195,27.4024315498577
0.6007601056238621,27.579517043991718,27.419252282789554
1.1330014657218774,27.25732782293268,27.331359895939112
0.8240559854616504,27.33129042827415,27.39261289575651
0.05940271031526561,27.376049224957036,27.374850517449588
0.8630033840897494,27.28416556362346,27.45078750985458
1.111146476901954,27.245595175752445,27.448021078499295
0.5522962079751726,27.640465510531506,27.484383398834623
0.370094524613442,27.59954662905804,27.36917530906468
1.061126234186182,27.233581353927793,27.461350369031287
1.0052004376696384,27.21197406024583,27.44764107550513
0.19945519625746191,27.565317346064774,27.53071193778053
0.6875680610051997,27.502021216277615,27.368537374579684
1.1349423768639904,27.269656743192105,27.40620734533836
0.7665306187868218,27.39468214040068,27.352310372645444
0.1375696434345576,27.338482620985026,27.53055362700144
0.9341271732316986,27.233086624323228,27.31296513378478
1.05067140673806,27.21153021990564,27.300575624600192
0.47047007436797256,27.663670827899193,27.320105829497514
0.46597719768812135,27.634238317215708,27.460804264758348
1.107629234781818,27.232380910463778,27.166725489016503
0.9108549480910382,27.260084535109467,27.238603794639467
0.1114744728366407,27.556896267781376,27.35319663045214
0.770099247939838,27.39322637435583,27.286753654461013
1.149824333222231,27.272656954406113,27.006474839301397
0.684572771834348,27.50979547375312,27.31070858270602
0.2417390841315844,27.531211493206072,27.37281337329259
0.9820157202543148,27.224575377653256,27.112019693991783
1.0791269755281483,27.231593214618233,27.013853926762973
0.38078833940720713,27.66699814345405,27.42152154668327
0.5713910449754646,27.611160140208035,27.326007459489702
1.0991519044404512,27.24377529409378,27.10061265927618
0.868661225009928,27.279661131875457,27.198321831371945
0.01968526011936524,27.600123882658792,27.36371942917057
0.8500621650536176,27.29218146198845,27.303020437264745
1.1294398335363036,27.255518007539322,27.225478908355342
0.61802600221235,27.57942236007677,27.40381954761743
0.31336660862995486,27.537598312830855,27.39763616341955
1.0336966913655148,27.217720111174476,27.34925931516534
0.9797698422068601,27.2075164606855,27.39305941471716
0.2788832426060825,27.593124761228726,27.483597536477475
0.6679563751844092,27.50688807072325,27.390053868111906
1.1305585157445457,27.249113174992953,27.438838852068194
0.8073023438388683,27.32791041979933,27.42213118710836
0.07368720459150106,27.38059503710811,27.528640412270597
0.8999370383026618,27.268963002044522,27.41657898108631
1.1069900314521344,27.244777564102705,27.446111210543673
0.5084263994007385,27.659021502827255,27.36400791417019
0.42726191343204517,27.65090622929494,27.513762552926295
1.0359049843905115,27.230293326943787,27.388704319468182
0.9501744450155472,27.226930548846475,27.397653392367282
0.17785976389541183,27.550693989927048,27.34198400111888
0.7191822738400941,27.444550761683605,27.420619193526655
1.1547841664590224,27.25320109722134,27.267306258204947
0.7426383846281575,27.41495304155096,27.37268226624864
0.15524940750638314,27.52331142723817,27.347932672460814
0.9619144617329435,27.230549847742687,27.220926096876692
1.0779072769655231,27.22145111228301,27.080875986830982
0.4068073573517674,27.67627735541888,27.448424648893052
0.5088739188268071,27.628481641993865,27.30667579627317
1.0865452334075711,27.237120233312737,27.043723626461926
0.8914030102826057,27.25909680316662,27.11930887103975
0.0748205255291545,27.50390983032758,27.45242068366638
0.8146383298508723,27.339942824441753,27.200111438938745
1.1245621063349167,27.231363863681,27.020023510643867
0.6313863470556512,27.575717950472544,27.274579251096583
0.2841880214537449,27.479393692422743,27.423054852730445
1.0252184078527147,27.220491315026486,27.141777890706948
1.0256624178975908,27.21318966420046,27.18866883043464
0.3360705848320933,27.622257067349032,27.43009394624871
0.6089096914798641,27.590212562547546,27.355150960231633
1.1044229180261602,27.23661692883292,27.25180033921856
0.8395360459609406,27.301522006541063,27.34231406777011
0.00973185935571415,26.554397249612364,27.5490502256243
0.8725724241148405,27.282531928356487,27.364509188343142
1.1048109708149498,27.233253940505975,27.388440574038185
0.5626248996261765,27.628540451364483,27.394267247253264
0.38514241407024774,27.64809621204904,27.504075071759036
1.0492924488913131,27.22500312843728,27.452706614168516
0.9762426642629672,27.206125055818426,27.45847550533849
0.23139758464681354,27.536828420236006,27.346596103498037
0.6501982954545235,27.535125471778457,27.497331080689868
1.1268264090196936,27.249078506650577,27.459989212672973
0.7661097531008532,27.401486459923852,27.46676051636145
0.12432212551472503,27.380721888311328,27.352608668378725
0.9406895670853525,27.22582429255844,27.393933665405466
1.0667499728054215,27.22583374737923,27.350901306559003
0.4737720783941139,27.660495229501652,27.491439993512717
0.4790623841516504,27.613321236553713,27.32409625806099
1.080862655417223,27.24410697576687,27.211706460178657
0.9215726231937857,27.240240001161645,27.216129337375577
0.1580321750401399,27.506820465036817,27.515349011670654
0.752368925973182,27.407649048190045,27.240425028238626
1.1148132351009024,27.247293583639948,27.075756011381152
0.6809632175724563,27.520127526413162,27.2244215938928
0.22699192133957585,27.398490395264645,27.472475984893844
0.9827270433075108,27.242278867152585,27.093178298086947
1.059561714824777,27.222802022465427,27.054822447121012
0.38882217723475554,27.6895858818244,27.327449206409426
0.5386237922677426,27.646320533746653,27.36601741243163
1.1228744536735684,27.232810085652094,27.019166725642812
0.8725198575227929,27.265609720342315,27.218879201126278
0.023349693327516276,28.158457869901042,27.366857571287465
0.8442269504633864,27.29636927260068,27.251931597428314
1.108370638511208,27.237802381710154,27.13211874529119
0.6271519979622904,27.604843850332927,27.3596845498804
0.33629351471790464,27.58375646649666,27.449532661641758
1.0381630682310075,27.217014771866175,27.30132641638417
1.0080700517921428,27.224256671842262,27.335731698279673
0.2770559665941892,27.552150350145315,27.384166696695345
0.6297721304486494,27.557285696879127,27.456545060546528
1.0944560857219536,27.22002454897902,27.41411645132628
0.8261390371820572,27.329889606950704,27.44570748670672
0.053212055552101845,27.270488706560897,27.343821359958138
0.8933711613663903,27.267398600433594,27.47239537058318
1.1039019373295509,27.241752536742716,27.477870348080895
0.5102885001385834,27.64651960132501,27.506893302725008
0.4112863373016508,27.638212947632205,27.35686642776701
1.0616724585700854,27.22663130776432,27.437825380167272
0.9749095746630493,27.227930446907106,27.39660869670965
0.20256568307613174,27.572437776929135,27.52923065860321
0.7239498274773334,27.454480518116586,27.339543723678993
1.1283841884515247,27.235203104742595,27.308451429345663
0.7294913046846058,27.450247668267018,27.30652846005969
0.17451575340028033,27.422031935153505,27.524721050964228
0.9682166374928374,27.221313495486484,27.224717795971355
1.071534377785086,27.226513880927037,27.179882906286508
0.4277213689839522,27.651959492779355,27.30934332389318
0.5299055022340277,27.60013031211774,27.414588112938855
1.095843945616189,27.226742259561263,27.06631982608886
0.9261014240826586,27.217550770849208,27.163682341646776
0.10147367503234907,27.669875800243663,27.38045886662252
0.7955097773614264,27.350330289544832,27.240966519594288
1.1096236097551986,27.224601014438505,26.98846352217906
0.6565817830224674,27.536900975719412,27.317429069189313
0.253120258890774,27.489185465082407,27.389166790724033
1.004115468141453,27.224787641947998,27.12077985275577
1.037628585903335,27.21434660433768,27.091465994980346
0.3539957328894845,27.6265099385359,27.41102742594448
0.5835948723068408,27.595252112696702,27.371841302084455
1.1208685106809646,27.252475314523586,27.17846648853282
0.8537817184525995,27.287406837516492,27.301983997394874
0.012287077531579278,26.1989687372581,27.39195179388005
0.8560174629832761,27.294760440248766,27.370176051699122
1.1098551846756703,27.248112619685095,27.360588752982945
0.5794156622630431,27.62128564721759,27.45534162876772
0.3348859828871667,27.575794646210703,27.380353457905944
1.0622793828569674,27.2281882809652,27.443995847261586
0.9994959689402869,27.22120197636692,27.442822080368607
0.25147349703715877,27.57335951350926,27.50831640624817
0.6780099254605855,27.504709088541386,27.39122461515665
1.1151200695679848,27.239539394046925,27.447008140002037
0.770099601333665,27.399549610455033,27.40617885323918
0.07321445727364556,27.438005957659385,27.527312553111795
0.9185668768988672,27.24683939890945,27.394246367366595
1.0848905651214944,27.234293237611197,27.391771209814397
0.49084983555454814,27.665726906493894,27.34249001960886
0.43390022954322954,27.64354603576178,27.498237066661595
1.090591598924719,27.239570760283325,27.3001794707119
0.9355417912949542,27.214700846463302,27.31267865711387
0.15824412460916504,27.52776588645444,27.343807801006406
0.7651760901943971,27.3753338668157,27.339506377360635
1.1254899178993258,27.247653767173922,27.12128000684418
0.7022534090514708,27.476506447560322,27.346680203133367
0.21279583313870062,27.465730131549083,27.355762725873774
0.9866903415012677,27.239257641118833,27.136602579793948
1.0497069696002685,27.20485372542157,27.04544252903092
0.38658270294931046,27.64674270337181,27.43170561589622
0.5205418207137694,27.60771687474879,27.320093701883113
1.0884065554061262,27.24300036835337,27.028242613232333
0.8838683079977221,27.25145926438353,27.14329256439038
0.05456160125773602,27.303856616613473,27.512476406352228
0.8222618297594702,27.318159828785817,27.234928643596625
1.1041748716302855,27.235333277598414,27.09890472634108
0.6221576828489139,27.601238988562663,27.321440478195377
0.30900237577904266,27.556112020272387,27.41405943079932
1.0134344227607681,27.225820801819197,27.26683966307476
1.0013411812426978,27.20224927814097,27.293530074173145
0.31820406120372074,27.600494589027935,27.437105368531945
0.6152381664377002,27.581838933186937,27.369619690280864
1.1175199512430798,27.24828750559295,27.353077562818754
0.8174165648640932,27.35346220635484,27.396329382790555
0.052295541781607335,27.23515087083644,27.52291826554965
0.888866107835987,27.254816169176138,27.411677231310993
1.1048704658251571,27.244522281578625,27.433531528048665
0.5511963751688332,27.6053003252754,27.3875582748951
0.4124800916917396,27.64821471917781,27.51794310588577
1.0574860219006859,27.22288241463028,27.4517057399878
0.9762293650157383,27.210974339865164,27.4514082520632
0.20937110204824902,27.530393947576343,27.34622351069367
0.7158403554474747,27.462487782699835,27.465631494447788
1.1310605914312883,27.24849971573895,27.368794517160016
0.7554642141158643,27.419986279896914,27.43590470335157
0.1447311969247281,27.46530901376673,27.34282004882374
0.9300161733596934,27.24685650978826,27.342224070015476
1.069574270307567,27.213353229552723,27.244680926687952
0.449884171722511,27.65022343301675,27.466511417393914
0.4946822271853245,27.61974928749971,27.314780096269985
1.079477882558024,27.218787934859023,27.127766846056556
0.907497380651314,27.243024785242085,27.151057152681275
0.08447050287402197,27.476281251624265,27.497564459364426
0.7782361730292272,27.378890283736826,27.204228365290177
1.126083366728092,27.249108147798555,27.005649893143648
0.6805364663698859,27.49611171642341,27.22494017417732
0.25499307403072224,27.520121108301872,27.462777983064356
0.9901487525323324,27.22439677533852,27.092425471712307
1.0480845925342714,27.225049341855204,27.078005089448673
0.3596033000933043,27.642680162126226,27.378172098387807
0.5674743617847823,27.61370436666137,27.35174053764007
1.0944401694779122,27.243924378235636,27.090183351428724
0.8637323707024676,27.27852592239532,27.2643729850574
0.010303209749745553,24.67862924216979,27.506691208410267
0.8554050765298999,27.28857873805639,27.320953287071777
1.1246738525937603,27.24358101697073,27.268144613349076
0.5835652429905657,27.630480541049064,27.380496694918875
0.32706736104006157,27.54726783874045,27.473263825520696
1.0290424073412008,27.233603171347017,27.390719479747823
0.9919590520062196,27.207684184691004,27.388157304901426
0.28541289987102364,27.56281256261863,27.373831826746702
0.6524005813724313,27.52055517733109,27.487605334218706
1.1173306171223127,27.242779698615117,27.4725841400631
0.7807920797195705,27.378755158135238,27.477573991456772
0.09602857309527311,27.310620355580177,27.34395707656896
0.922676464470167,27.246768636006916,27.467892942415652
1.1013728546777923,27.231840456324647,27.45309826402485
0.5066681081282554,27.66092860281709,27.500771549784137
0.422047508866527,27.613014237390416,27.343747484765018
1.0687771930284635,27.23241253087466,27.37298406659521
0.9495827501168883,27.216968790065344,27.317585233683047
0.1586085747691945,27.587222592666457,27.53290352624239
0.7486138066610598,27.40513535649985,27.287873054854415
1.1145221770070644,27.24079200350538,27.213074090701348
0.7262052565414941,27.438890115540758,27.24939890967078
0.18611036901441672,27.43365053458525,27.50807379074359
0.9428985264681959,27.253317203618344,27.155989722847792
1.0534766271956642,27.226816676270225,27.099124278468892
0.3990529592241987,27.642272832033015,27.317444948849857
0.526789849977746,27.627098665791266,27.38537503470614
1.0913036118156694,27.23869974201232,27.018701143978568
0.881086092781798,27.277785097586815,27.187725901463104
0.06414747655192883,27.74137491358658,27.37965371018757
0.8271701601949153,27.315723528522994,27.2236688745856
1.10289780084114,27.242918544870367,27.04616473320037
0.6335390052787903,27.569900699439618,27.333393013044144
0.2909011021824382,27.528947564310062,27.40964219618722
1.0428796713268211,27.225758660125663,27.179890173947634
1.0059548678752634,27.222114461022485,27.191519775201552
0.3302422006878736,27.614492675731913,27.398175142549338
0.6126453335989431,27.58743164678387,27.41293985009385
1.125688367703195,27.254870735899722,27.316326903154547
0.8366109714976052,27.316182106117274,27.383557052961226
0.033586304907482684,27.234460514484844,27.42243210249729
0.8547702614737016,27.286331789479917,27.431956411217357
1.1024626856213138,27.230650680838,27.42421659878793
0.5723219458357738,27.61983770679457,27.483876255661905
0.36447540512686927,27.597179107311835,27.367507522703647
1.077556790201303,27.229565654088344,27.457536673292577
0.9645439561213406,27.218247335079823,27.444130412133187
0.2005823633670975,27.478347107601778,27.5221873485097
0.7054874671520119,27.452293240031832,27.37689680895461
1.1263870506398488,27.250131390908795,27.416597200242077
0.7544374230323438,27.419405802410978,27.37283553944478
0.1215765065367712,27.486667917908218,27.53226008101073
0.928498084996297,27.23770296755884,27.325865263977818
1.08367559796744,27.231930723429212,27.292487657101706
0.46292651551313113,27.671618227780137,27.316991580563908
0.4567822367841927,27.655593728560397,27.471546040999897
1.0747169958939322,27.23673518831984,27.169870489323177
0.9316783822710603,27.243878505275433,27.241233634456258
0.1228363090240903,27.483021921003477,27.34877314268563
0.7545782387560447,27.425106457852667,27.305198565981694
1.1450109458401851,27.249130156715072,27.017892238844418
0.6998116014547275,27.470711136465784,27.31099808388009
0.24013486125508435,27.494388497733915,27.384497056147275
0.9880564505913515,27.225195311820997,27.107128365249913
1.0567382634248585,27.219924166755476,27.029355661951865
0.3627385586672021,27.603884041864358,27.41899944704086
0.5572199520507987,27.60754391350328,27.334549758419236
1.1049585255562047,27.24906209914172,27.070253734342327
0.8855390347658446,27.259277516420063,27.193942896188588
0.019147915031445653,28.120812862872008,27.490054751670392
0.841672634907572,27.31656200414589,27.29611150799947
1.1169948160874599,27.230030204027443,27.20384657986685
0.6045937543183875,27.601892707185524,27.372481637371266
0.3311861281985588,27.563616094748454,27.392799714113618
1.0376981662084956,27.226271074934083,27.34516935005604
1.006714162422317,27.209849222270286,27.386404159092166
0.2585397561067241,27.594056788566995,27.488273255139998
0.641057022484114,27.543843009430496,27.382681003897037
1.1251721914931148,27.246094535146366,27.433924995109543
0.7964114667772935,27.350762943764096,27.418801025816588
0.06072364032086909,27.321113155820814,27.52451076178422
0.905675398588367,27.252121617577277,27.423981529829643
1.1020866683776496,27.225738722656843,27.450893625305753
0.5263590392160771,27.65249481974259,27.37339528386378
0.40844895485904636,27.59699557729251,27.515619369225384
1.0546613326972647,27.216413613545598,27.401559667876015
0.9613516108769466,27.228373113187097,27.40531136878763
0.18713782216695424,27.578703828319927,27.34195652316931
0.7264220923389343,27.45312341118204,27.42168831381806
1.0898186381077015,27.222148423472934,27.258404545345005
0.7314698050691305,27.432695895515188,27.375316955795952
0.2063122231926754,27.527817579112632,27.345564717232165
0.967789785419368,27.221704775377688,27.235952862736458
1.0767282737887498,27.223965048987612,27.12440096520173
0.41468989681435375,27.6414278687046,27.459393711035144
0.5076887443800874,27.62874005199744,27.30726223667297
1.1056986337695023,27.236118510828987,27.03513420236621
0.9202521019393951,27.235907203835787,27.106609845012777
0.09228747188761852,27.533860322670098,27.47432091971232
0.7919937915757937,27.3498925718421,27.2089755088594
1.1233532459669129,27.246927341789235,27.003560420933855
0.6550949202966431,27.55211445564324,27.25347887180666
0.2611029113482708,27.50293315606498,27.421877978694877
1.0136385466876203,27.227737861529135,27.132575213261095
1.0429274204659316,27.22679453381344,27.170669472140716
0.3340391028470691,27.560609580672732,27.40647980734256
0.6180967593285163,27.57011522407589,27.354086694415653
1.1121233021350672,27.239459304114323,27.2222431144749
0.8491164567354956,27.285750875241067,27.34015547782143
0.02291196015151266,27.300721921824568,27.372435425355622
0.8707981374539262,27.267603161033822,27.36422581146611
1.098335354019041,27.227905531431936,27.350222209838684
0.5830436670303732,27.63662734126801,27.394724240930024
0.36110132862108496,27.597657822308136,27.501376796314712
1.0488132975159092,27.244615208321314,27.44702103292431
0.9920819942406843,27.208492585629365,27.4617767348255
0.23897780419907544,27.563430538326678,27.364391889838142
0.6886608264108821,27.50012581595263,27.49592760082433
1.1244198800758045,27.2531033388925,27.47098310469581
0.7631633000181277,27.38754116417301,27.476669659216647
0.1228550273706447,27.337534342893527,27.34612828390304
0.9337721397326098,27.234293852369348,27.41022634972598
1.0927236719440339,27.22861846316293,27.380811649373577
0.4894380396814114,27.682993396185367,27.48445363045588
0.45248774120024926,27.634068589507695,27.32970451284583
1.086053382488271,27.22579523725306,27.268309863502562
0.9417843982561234,27.240199580601946,27.21982192261839
0.14179490499608202,27.49930567816707,27.504584486421916
0.7620943229351533,27.37968480515654,27.240305910476486
1.1317793409556118,27.2401075469146,27.094228078834334
0.7081061821698538,27.470566062847016,27.22003895101375
0.20539636897806623,27.488017942697184,27.485609178633986
0.9834420524443193,27.222683262537224,27.093167404598205
1.0511029004798813,27.22301753183704,27.06455899747545
0.3774911334039248,27.667138138206457,27.333718302016333
0.5455171244510537,27.63242489102092,27.366201333418317
1.0903794370835251,27.22058239696303,27.03262075888942
0.8810747411518833,27.268953294953796,27.203690190977838
0.05265085891452337,27.76721395515644,27.50981975521015
0.8079839832307943,27.337226973219497,27.264594748262326
1.1228276461978144,27.24819142109164,27.110491574116786
0.6234606762963268,27.57197505880039,27.3570158755343
0.2999827605309394,27.542521046196846,27.44887614140474
1.0081202188760585,27.226155211502473,27.30136055699208
0.994951775617905,27.219799316448597,27.296379386951045
0.29157848555631416,27.613583145166096,27.39165690980734
0.636465156063286,27.553080536902407,27.452405879433762
1.1165501653820467,27.239547339142636,27.413907083971644
0.8244997490968379,27.30706761553094,27.426821259611916
0.06468116264098665,27.239828262671132,27.425284283168097
0.9017535214294857,27.254016771956874,27.471631223922778
1.097484808027537,27.232002707239698,27.47698061944198
0.5307260805090444,27.681102186195492,27.502728242808317
0.4109083270537041,27.61716113772082,27.36304827371196
1.0669477612275935,27.22483269336736,27.44645872068957
0.9600895528865012,27.224153429782632,27.41596624243514
0.1954058537560764,27.540398972350403,27.52917472292004
0.715703760608118,27.46412878487078,27.34516789206325
1.1359491617393458,27.256367924561673,27.313240514410523
0.743622354807389,27.437829909673983,27.31488121205675
0.1540878149745039,27.44767715489106,27.52158762348615
0.962329335254107,27.22133167185931,27.24947944649713
1.073608168777101,27.213700384564433,27.195215128634622
0.44847776476105106,27.67059620670492,27.30761295930702
0.5073137732042813,27.642211062260632,27.42478335261961
1.1048941658506104,27.234977348392086,27.0840182684668
0.91112214706629,27.253422979016356,27.19144747206254
0.09629796896425101,27.63340228366921,27.372550584918756
0.7799762659134638,27.365850443071118,27.257285732990262
1.146336022390989,27.254736816116854,26.97772225325291
0.6785540330735675,27.515361515288088,27.307496236897755
0.24236570628029339,27.52781199103851,27.396548115397977
0.9762905168812201,27.239174404401307,27.13552074843003
1.0485162973685547,27.220146180233165,27.063002607042137
0.3553134382502522,27.628694822193445,27.40842120038871
0.586830209180848,27.614107857897842,27.367594065623223
1.114367201098819,27.245599128376274,27.156991607935566
0.875936242455804,27.272408396909462,27.274836312063503
0.008886935981666316,25.432379516803625,27.36859655184469
0.8456045982127477,27.291933896017984,27.35866304521613
1.112495865993624,27.23821294067084,27.337990166027634
0.5691250477930592,27.63795382778521,27.442610817950307
0.3464536287595083,27.575198602212655,27.377680127552402
1.0344947635445456,27.214180948757782,27.421943222160504
0.9871572452938642,27.211210190499,27.434381026745093
0.27201367291527,27.578186699998902,27.511411323217633
0.6723009582712357,27.526284495444877,27.39144305378545
1.1138700086115239,27.2385481335004,27.452483271460252
0.8039884912380296,27.36214429952671,27.415103592494198
0.11392739809859583,27.36827470424583,27.53099255664154
0.9246718176788357,27.241615577734002,27.40630461241235
1.0808984334524343,27.221703857044808,27.4113595027476
0.5224489402941978,27.661277955386993,27.342381379174455
0.4440041589994832,27.655033480286576,27.504248170213806
1.0600502178745221,27.224094072768125,27.325693272172977
0.9342936396080007,27.232455459967223,27.339510426004733
0.15461281905794014,27.51623301296769,27.353968283110575
0.7178464570551084,27.453586430190065,27.37634203768296
1.1022192597392377,27.23551988158054,27.14211447574447
0.7267804607242975,27.468258477034972,27.34043209480244
0.22781402279630517,27.49626371916574,27.347829263748665
0.9812268446876952,27.221801033828285,27.14961477826955
1.0410375781767733,27.221028358164745,27.044043309366558
0.40067154755192025,27.63265377184705,27.43777619655031
0.5409034168472154,27.620587972242024,27.30638283165884
1.096212873373057,27.245617583772344,27.02073410497837
0.8906002132324135,27.26706713060468,27.110099313238464
0.05107398212310795,27.81011105443214,27.466214929361556
0.8073201846917925,27.350497886023067,27.22224182590001
1.1176208674504229,27.25000013893333,27.092348657934817
0.6291038665829787,27.585070827362372,27.31654123318438
0.2750554397853533,27.521482455108796,27.415919632222284
1.001814986416035,27.232835338998896,27.22684506985854
1.032220455550782,27.220558433418628,27.27006302013246
0.3161297213482006,27.58573102714432,27.43872266330564
0.5979008149969348,27.59350994720428,27.36787745362637
1.1033523451873608,27.224647942726445,27.34323171196173
0.8373023853221042,27.319241485254935,27.39740067609508
0.03803588386838253,27.040515294228,27.50850081132761
0.9038256367013522,27.253680609518682,27.41530509466456
1.106819251117084,27.23850063806905,27.43958738723442
0.5395824565257045,27.655005982967012,27.38540299765056
0.39466132352946265,27.619494857729197,27.51860686928987
1.0350209832729025,27.226679126430525,27.450294185722747
0.9903912628657976,27.21701831647565,27.45693794855949
0.22807684822989374,27.583455805094886,27.358635020345368
0.6819712131325926,27.478701057998947,27.476099626300197
1.1216786306432798,27.253668429597706,27.402269779096834
0.7765108929097679,27.38919961800958,27.4377630110734
0.1487847015750588,27.394601927387985,27.342853467194992
0.9244420804119352,27.24835915199708,27.352470628100953
1.0837219805575773,27.231217276637324,27.232218401611195
0.46245689179289967,27.66418846773647,27.45260025116597
0.483653498249964,27.63453896047467,27.31634194638035
1.0869838551146382,27.22701470661274,27.140808068862526
0.9538771982322232,27.231186535714677,27.139869382675265
0.09527315201113795,27.574308423621634,27.51725178074245
0.762904229411453,27.382165825722478,27.21512886473695
1.1220335228049927,27.25437613529455,27.020301941174566
0.6801425394170361,27.487579998472647,27.22266138741046
0.23519106667445705,27.518092404647874,27.470279875404316
0.9839268128119926,27.216405902709813,27.09259620517753
1.0742708300505872,27.213313213483982,27.054681732078635
0.35613888452110715,27.63504566800404,27.35900148362496
0.5743086160918327,27.6096505174954,27.350017322057628
1.1141728148447816,27.245338599358814,27.07958117001867
0.8598997431363588,27.284120073442594,27.266557897993398
0.031240279606288487,28.025769802602944,27.54287668942524
0.8516015223929821,27.305350577175957,27.296489388312093
1.1134184488401295,27.23957839600173,27.235915876913378
0.5997497383545914,27.58703052615826,27.375377225100674
0.3211912900275037,27.566789580193934,27.47730354941163
1.0316153436184488,27.227120844403817,27.368171954234477
1.021523279807953,27.200731841881684,27.378786876737276
0.26929788854304004,27.571690035005744,27.375674662065034
0.670842213181866,27.51440200207596,27.48184341901142
1.113285145375852,27.235258310208472,27.46474037220921
0.7874452407499714,27.36613389767212,27.47675438202155
0.09342610336948058,27.345608149658105,27.366826797086944
0.8983020268250703,27.26868576155081,27.473385776185857
1.1019940595690272,27.237231251381488,27.457795969484422
0.5208843755783081,27.657273854533845,27.501314906510466
0.4345853072246209,27.615847936895015,27.345008760176373
1.05590122410121,27.21560850761852,27.373978754787384
0.9523381288255358,27.22717795381316,27.348928246784396
0.16635553702702877,27.51592496699785,27.53408543586941
0.7464635525502005,27.420592533648943,27.302089381916904
1.0966102047919895,27.228969186758984,27.219297810704223
0.7358632629798811,27.424248876172705,27.25825917825006
0.16252270436161706,27.472859056552164,27.520175566664665
0.9483821936784037,27.219782963047603,27.17657285535058
1.0677521686766132,27.223128424774593,27.111695585886608
0.43935840304967605,27.644568377088305,27.307389335709505
0.4855744888275494,27.6348687455371,27.40677523143773
1.0794916006121937,27.2327289758315,27.02554063507922
0.8908351007969801,27.2516359809096,27.182638955020465
0.09315328885494355,27.537167578719988,27.423089979245763
0.8017782732550781,27.34237031752166,27.23863629583923
1.1199339632959093,27.2514944859145,27.011952577637107
0.6399249309563579,27.552598565896854,27.32456820025922
0.28372067437726856,27.528800340309804,27.419661020857852
1.0273519448205515,27.225207349344252,27.159699173785008
1.0510525545081983,27.212142966136344,27.160707704029726
0.3031052273195423,27.56382108443176,27.411596860969386
0.5814479917421161,27.59608668792091,27.389834192275508
1.118412484239886,27.25030452694767,27.292073733834947
0.8381651143893113,27.298979165534295,27.35122024826953
0.04858605284061555,27.104281545240312,27.425042584101966
0.8798786538212351,27.271909836304367,27.428092104162968
1.1025306964159673,27.226894300391926,27.422769102621956
0.5555207791916135,27.6290107391672,27.476428228043535
0.37368054513631427,27.57190503270291,27.36774843494831
1.0588071741494522,27.221636484154597,27.4610518896721
0.9728199384544771,27.215472473750868,27.44994705052634
0.22157412449170868,27.48799344058036,27.523786023697973
0.6791777462818136,27.482016790881918,27.38068367151618
1.1367531607976076,27.249161786410312,27.420936219630324
0.7598908959418931,27.39876313949501,27.372446446155536
0.13414151812170044,27.420718613270026,27.535392261507035
0.9298959524623558,27.242935883191983,27.349309208804655
1.0943500457819355,27.232714492477662,27.320473580359558
0.4444532491916843,27.653436003678745,27.32206151746127
0.45029754162537633,27.631601947901352,27.468098681148646
1.0684247309704948,27.22496963704406,27.232605354498705
0.9300285523855825,27.243689511842156,27.263393711948417
0.13676920102395645,27.510795352274485,27.34878731654566
0.7523599272773301,27.411716130761462,27.323095700255436
1.1061182910946286,27.23288515920396,27.05548571914712
0.6829128162360771,27.518890297699485,27.320700043543404
0.20852885316541084,27.407422754259116,27.37469862241188
0.9672841836032288,27.226697644453534,27.12310048029641
1.0581860117735362,27.220711440348083,27.017641355977034
0.39776131059521525,27.642293812335463,27.42316032982329
0.5731015522571786,27.59737363804714,27.329434186404214
1.1125282736632338,27.238098976932513,27.05193061250432
0.882527751192382,27.26224928686955,27.18628178323836
0.035854497936986716,27.854058597253744,27.350281748443955
0.8412352179344529,27.293384031923445,27.281053608767742
1.1108413483142183,27.230139156563876,27.189240432547912
0.6085408774855123,27.59018706605353,27.38162590045418
0.32337990550708823,27.558004922215524,27.396757801169418
1.0454570305158588,27.2430262226718,27.313012138295232
1.0192866636923614,27.20946643835927,27.36474668584591
0.2649371038233839,27.58747216586042,27.485337728328805
0.6401341017246749,27.564457811940134,27.383311728211275
1.1317705360786547,27.2521920312643,27.40362583144876
0.811934749349152,27.308678225126872,27.416459044280508
0.07428149172095959,27.32381174314995,27.520763255369015
0.886967473878725,27.27847525447904,27.418489707273537
1.1007374639216638,27.22719712496412,27.4505301335888
0.5104156192525093,27.664710568383683,27.371706839990683
0.4068868901835746,27.594996026072348,27.515206760563547
1.0720635660586453,27.235580671879127,27.42359673425485
0.953547116797835,27.21495275271436,27.425573110523125
0.18267245743155708,27.535029895570293,27.34192930656185
0.706218468984493,27.475251541200972,27.444267439059008
1.1173741038320013,27.24296646297834,27.295257882609903
0.7612249728606924,27.377982658402978,27.382912639852744
0.16362346299844677,27.412978474698434,27.350222236110397
0.9629698525116579,27.232748724342628,27.2435706100671
1.0491093910977873,27.213306837988178,27.153299921975922
0.4386206066201005,27.66247202694485,27.4511782360722
0.5243483272368681,27.63849475354955,27.30391416570854
1.0831952495839232,27.247946567553182,27.059745812458797
0.9142276364352686,27.247869455443634,27.115536764023812
0.08241495452995107,27.482820662144505,27.493731668749007
0.7959963591674329,27.355014591000838,27.203826900452512
1.1048661762064826,27.23348457502896,27.01724904926894
0.6674364131810907,27.52171010926821,27.245560588711864
0.25137198343565176,27.471916466571553,27.43007354122291
0.9990331601210831,27.212542348887748,27.12531546342765
1.0169572516256387,27.22712377059187,27.160609264623847
0.329819729461607,27.637246156422076,27.40549571445186
0.604075207976795,27.605306037908456,27.352218151923967
1.1011042504528188,27.228919717701665,27.18737568936327
0.8598526271746548,27.27949535044467,27.31633182362256
0.017928043063699224,26.555520524239174,27.544993426566027
0.8724643782330799,27.26225656445575,27.351858005772275
1.1244425871153878,27.24459772100104,27.33972800846165
0.5715150677629508,27.628852078903687,27.39104955926485
0.3502327914628081,27.553003499133652,27.48666561318486
1.0529350115012157,27.22358630912312,27.437923887993275
1.0061034324865858,27.213377181149387,27.44940977994378
0.24325459529393748,27.55950183705602,27.365224994899506
0.659278094083339,27.544953009540777,27.49500869059547
1.1200143139800933,27.241142864729085,27.4648331449629
0.7708931481965133,27.376760182682006,27.47384753279033
0.13582404960665165,27.351582071084437,27.343007803238052
0.9201600485426353,27.258301312451913,27.4363818774604
1.0908336997927623,27.2311506434123,27.371435663829075
0.4747211894903447,27.663800037500717,27.494654847114766
0.47158540943013294,27.633722688611563,27.33400926497982
1.0817305936503878,27.230459227704404,27.25995203908342
0.9301317619768621,27.225380968388215,27.243917448703222
0.1738263231555398,27.541651143013745,27.51987868405568
0.7591911068776696,27.401802193456017,27.251423590279575
1.1271172156951372,27.250605234943393,27.08488051228436
0.7086198958422052,27.473443120700225,27.21959073644286
0.2095812359647216,27.432549875239246,27.497915853743784
0.9810288827183717,27.225614648711428,27.10517122299777
1.0547871465341723,27.22309588005061,27.063575165889787
0.3977092861342983,27.628586241495437,27.32495436284601
0.5382322646009672,27.653269507049245,27.377804410640266
1.082610029431683,27.2377021159507,27.03122353997522
0.903931831300317,27.267120408105626,27.180481935098694
0.03536885918622537,27.46202454850866,27.448038694503936
0.8053137010259138,27.346101291372705,27.254678254662316
1.116710672004017,27.23178351983012,27.090364810698762
0.6330765254942585,27.572260936560916,27.35105109702941
0.3008635971814422,27.54361771110233,27.44892704584688
1.0184627354571714,27.230700041458643,27.263114881576747
1.0237619294199634,27.217612219300648,27.28303632427462
0.31633433566400593,27.618223313620508,27.391851337449133
0.6394412288418521,27.557555821610762,27.4544307504556
1.08577530106869,27.234572711348413,27.384638363746102
0.8255169520063035,27.331978599737585,27.433999130001048
0.05617825205606335,27.128079922238935,27.372290563235357
0.8939052482263773,27.27023159399659,27.466550227476322
1.0950188756051655,27.22771641162277,27.472707151300632
0.5358816663468774,27.663057743948947,27.499783495011876
0.4238876825993315,27.62511138210863,27.359654274418205
1.053782425075345,27.227598301884427,27.456948776881806
0.9906431128786621,27.209014920395127,27.431181415463016
0.20449719810339004,27.527038254548128,27.529167863935577
0.740138559736945,27.41538599624665,27.34421716053696
1.1097758204675174,27.24458989006198,27.359346156135466
0.7269235276696944,27.444917467502083,27.321363322994976
0.14412468979263007,27.388695930408723,27.531444223810865
0.9725237503444173,27.217887535390382,27.267348816507123
1.099714148824865,27.232795477948144,27.196942853428524
0.4534790183079832,27.690440513631987,27.314104815567116
0.49195910499611,27.643054600005065,27.44700650589217
1.1007030542652327,27.233469704687636,27.098860623377824
0.917521566633645,27.227963990369147,27.207217762071956
0.1064291269518034,27.438017356289656,27.3571791385916
0.754451484129711,27.395509384325912,27.280691266029116
1.1072619100093006,27.24455705636439,26.995939777705544
0.6681224338016001,27.50832979861432,27.31377188928689
0.2255932428206355,27.476805456906725,27.390710287162893
1.002314015449055,27.225633255923047,27.113390944895542
1.0578930641077071,27.208496267345744,27.054313173311467
0.35619723255742797,27.594718217355325,27.41040326911967
0.5766101797952835,27.611948340228505,27.369213744879612
1.1176794243197719,27.246018307022716,27.14296346823997
0.8718081465073161,27.29143245501646,27.244080137730617
0.022523407514251165,27.770048047566426,27.51822822557306
0.8525342158689788,27.30426619743557,27.356360086165022
1.1195129158679562,27.237801307698135,27.309492282897978
0.6038546708583891,27.584034196866742,27.42903448575324
0.3460249500285615,27.58409681291688,27.388119378257723
1.0279765557970455,27.225776132522277,27.41086352250432
1.0206283700642467,27.220922826724472,27.43599685787273
0.25588808800591517,27.532319214263698,27.502860168581023
0.651683145354392,27.546675899809333,27.387545561776513
1.12871767250604,27.250779872452032,27.449554377121025
0.7856094723700175,27.375595254738066,27.41499667388065
0.08290661443098574,27.36500608706111,27.529804054354905
0.9109448426632152,27.249021612786667,27.401863412047657
1.0976970277265228,27.235937803044862,27.42192853354412
0.5164642687626628,27.624944373372358,27.35030229481721
0.43348942105709437,27.627951558750247,27.502388437809792
1.0778605904789555,27.24766289118401,27.3404952024965
0.9505429960491991,27.222804874579026,27.365743232650487
0.154449564733892,27.518509963801986,27.341940580135784
0.7458965763821229,27.415865453252017,27.375929278310682
1.113193207432978,27.22929288874637,27.165947871036398
0.7255158298782928,27.461134015638308,27.359066134246476
0.1874944269512032,27.487044316160187,27.356378154549397
0.9549552349757602,27.217150119090583,27.17227897123548
1.0358007301148948,27.20622709311747,27.06584257079822
0.3979488832491239,27.654480048310877,27.44897880494142
0.5225837599575593,27.625543833514715,27.309037780856205
1.102545171385216,27.237876216676256,27.015124969092483
0.8952336992552151,27.2498113589247,27.121625398554734
0.07880630419649517,27.766962866808367,27.484296904686968
0.7802346655923413,27.37299528178069,27.21345191393293
1.1131554881929457,27.25042580566153,27.071497478916594
0.626655974908302,27.573454120420024,27.29806021802259
0.30695690992745467,27.543439283996452,27.417108339615517
1.0138582392331665,27.234130040873332,27.194823158326088
1.0186328482746212,27.228608352409353,27.246201211053553
0.30764038383471326,27.609115947555924,27.442615561585598
0.5972901678101151,27.615788827308535,27.36590008359186
1.114798186647714,27.251329384776763,27.313193325867058
0.8514391310512797,27.30583441193857,27.37484903485763
0.024882096043823167,27.17889594733184,27.51559544766739
0.8685437490578621,27.303438969344356,27.39765636466723
1.078392434053288,27.221529481461793,27.422574803672575
0.5508312425864146,27.65376887035337,27.389184043189836
0.3787472054041145,27.625691772701877,27.515575412814943
1.0354204937066311,27.22849443647888,27.452810307679005
0.9651207248133898,27.215073533324446,27.46227576958601
0.2087003198706996,27.488425349557772,27.350500780179235
0.6895284408969777,27.486243772667514,27.48309485048216
1.1238839963514229,27.253181384536518,27.41065643185745
0.7325839924307316,27.421029899899757,27.452331050340177
0.13656871960489708,27.459195384747925,27.342910327212895
0.940130545563828,27.240850845921475,27.371208819313594
1.087948438046309,27.232659493933852,27.282458667498425
0.46224566269574857,27.658391013983568,27.472614326904523
0.49488790417371215,27.63887699504119,27.319682440968172
1.076204840408996,27.233513113328478,27.16119222716548
0.928598099173788,27.238379013178402,27.15833180036106
0.1166124684223264,27.622291220245888,27.521050850369264
0.7853492988478027,27.365938391948724,27.209414667889355
1.1035380563096737,27.22617192720353,27.041008840647596
0.6797465706840334,27.53357540893073,27.22111975853567
0.21174132740430926,27.478820370856543,27.471572769494617
0.9805269858558413,27.230921755976777,27.09371802902702
1.043574119336983,27.210632898630482,27.0701160632387
0.3730047410194884,27.609485022267425,27.3521170460957
0.5698079044840342,27.607845281644448,27.351073730573283
1.1174099477760178,27.262600178990034,27.0649120130092
0.8619733814775103,27.285838251288908,27.241073843394364
0.035635984449399846,27.817494772027963,27.430030694438177
0.8425151967714035,27.317046391205835,27.28889321938105
1.1161320466092408,27.239034157464644,27.193220042894254
0.5890670808926199,27.60179715006892,27.37349088128303
0.3369486148444805,27.600327539635924,27.4681518273523
1.0438754090519202,27.217238016582854,27.35785083720782
1.0099385828367093,27.202514099259297,27.3743876565838
0.2628886528690139,27.576021134255527,27.37929596878463
0.6570583706033467,27.519382914125874,27.48181803193155
1.1098248869764258,27.23849700847351,27.4562313570651
0.8171521853595245,27.326624076722332,27.471650279661045
0.08833100665014482,27.219827478136086,27.35011382183227
0.9041881478113195,27.253462078480567,27.476111253334157
1.0845771078644353,27.239922393577906,27.462057788656487
0.5216625096395126,27.670633830050658,27.50201706784169
0.435747865953018,27.619961259536197,27.34844870495646
1.0824628022693565,27.23945749780066,27.38236628598734
0.9399527330891613,27.221202696031312,27.33483950132377
0.18100948901478725,27.535124592757892,27.533257014838316
0.7450483955901942,27.406482314156946,27.303452375873025
1.1069116617151937,27.22945333139354,27.242537633806634
0.7481373940990788,27.433992186675486,27.2714874049418
0.17999465965050157,27.418815759344422,27.52652199934737
0.9783690623407678,27.230563713648728,27.179029582171456
1.0799686537237556,27.227651156377192,27.107287833346728
0.40854864505394073,27.65393647468478,27.311742083965996
0.5189144590094311,27.636548052994648,27.39612972789295
1.1046263073288174,27.241337323818144,27.022068901144713
0.9068538291313212,27.238559341131662,27.172994823801186
0.0961544809074744,27.59041682019452,27.379987711553007
0.8037818414793051,27.34811734321241,27.235877716004108
1.1219042066115883,27.25071193705597,26.99914459509083
0.6630111558837383,27.521563205554123,27.315873580340654
0.2870713500546288,27.557308915159446,27.403521035863335
1.0010468656678324,27.220926822225252,27.160900979434835
1.0550772048263113,27.212299339141328,27.137707226241368
0.33304461457942985,27.64240710787024,27.408296204493023
0.5934648416865334,27.586958331009175,27.38757991584853
1.132492300735505,27.26023615554361,27.265088629669684
0.8558399523489336,27.287926494172744,27.34857524130268
0.025309078484658364,27.37688483892417,27.488030380916957
0.8652422755812982,27.279658119352987,27.39782625151887
1.1121859289607445,27.23151471129144,27.410053038248584
0.5685177809545925,27.631439310507304,27.47543822218574
0.37500306034870734,27.572716380964227,27.37289772768679
1.0682129868599843,27.229623968126482,27.452300727853153
0.9984458515269614,27.22413711925473,27.458664142109225
0.24602283724814325,27.56152499717683,27.522323196686116
0.6495206169657991,27.544571494290658,27.37201988848177
1.1243528296811522,27.24563303042018,27.44229897215166
0.7755850650617929,27.37134956511239,27.377178689701246
0.13971049219390172,27.47402025276966,27.53541555640438
0.9380811273920278,27.241715017082576,27.349645036105656
1.0661427434160053,27.220927345458243,27.351869807717453
0.4929091293573403,27.655381860087118,27.325432350000828
0.46731608130108304,27.630888357031115,27.48489094790493
1.0948336568234187,27.242422748973063,27.225491514925313
0.8981602335107823,27.26479244160288,27.296823412439082
0.13196390914876857,27.596415508421693,27.344548982206895
0.7524099273587306,27.411830462852404,27.322641664935134
1.1284477913188031,27.239039818010745,27.061542597816995
0.7094915332430425,27.47080036087538,27.319507332022216
0.21098003791600964,27.537153310388753,27.373663835148218
0.9686110127046057,27.21942772585809,27.126873234518293
1.0554401460252563,27.221243893732442,27.025422371462323
0.39009740732000636,27.67054082757233,27.421127010753676
0.560300054182352,27.616880179497308,27.311580151122566
1.0983857345977985,27.234730626135566,27.048632341875184
0.8749078233982049,27.265930387544067,27.17638813793091
0.041640561421447016,27.801321833705053,27.451588566493772
0.837676962824318,27.315216155505674,27.26059742052019
1.1118692214973387,27.237144386776183,27.16364632892561
0.6197007243177822,27.567331586039305,27.352694341489787
0.3155628685654739,27.53213452499228,27.396495400703987
1.0139518337476132,27.220238834895653,27.282999236626274
1.01524554452086,27.219803623495963,27.356461983220562
0.280035243697127,27.5811074103672,27.479971640041086
0.6257643441715909,27.555369985024004,27.379496009774765
1.1235236523376806,27.257220900925034,27.40645437559932
0.8033831182178575,27.331744447647,27.41208356658131
0.06471137462017253,27.370798442055086,27.53920383054808
0.9004695157171521,27.257331052342735,27.420834574074785
1.0841752838481662,27.221850509669885,27.452139009927976
0.5432717241035315,27.64137739623815,27.379256132214692
0.4099276466474948,27.609278730044725,27.517165235335725
1.0665917446015254,27.244849230094307,27.433533410154794
0.9770111123210399,27.21422917457304,27.435542996677782
0.19779938742199615,27.50953374411097,27.342925607831738
0.7198186037311559,27.443279480214944,27.442984831217746
1.1221928667144623,27.23299178191573,27.338288622719517
0.7403196699752606,27.435107940375797,27.40345032576688
0.16200355642598302,27.4925596362241,27.357008707304935
0.9577190428698343,27.216666185388327,27.272270760689928
1.0564194397841185,27.222576590381095,27.157272361233066
0.4409049938799986,27.686925101221608,27.447020363959997
0.5075143307714238,27.631185532012505,27.30652818594924
1.0698310417469483,27.222668419612962,27.08276021668913
0.9016014608432026,27.254657862430186,27.125192343283008
0.08288581711417274,27.685649336503072,27.508927364240616
0.7889717083340583,27.35013484138559,27.19974861776034
1.1301436672870402,27.237517093029034,26.99182671241111
0.6640967924139605,27.54652721904734,27.242666481408392
0.2693285091602112,27.486249568630058,27.435065602996293
0.9966065439336819,27.240084808749007,27.115512114321714
1.0360532413043735,27.20543376571201,27.134617020790106
0.3420644042799333,27.627194263814843,27.384722530151006
0.6028644472145795,27.58321126533456,27.34738899318941
1.1202537342465382,27.248309319574744,27.193019845527893
0.840920131670672,27.305757082611798,27.31195054005806
0.00835561440218499,27.41315668576125,27.476239899815006
0.8602763575290557,27.28479851271836,27.327302259915193
1.0838995848753235,27.23092317615319,27.32952501388095
0.5792701164656209,27.622253456447815,27.391142767719927
0.3470367023874486,27.610552899028544,27.487661554641637
1.0368871519153453,27.21731131391348,27.43108054307193
0.9765970674726231,27.211649725175967,27.444889086342673
0.25259274624397915,27.5742970521806,27.355770568976368
0.698536981079386,27.49690958855232,27.49885834631616
1.12614609498054,27.23914845728992,27.47728031245302
0.7875406260783748,27.363388227830132,27.47479891460192
0.10614881865358747,27.35418695978662,27.346002267208306
0.9290232493515455,27.234762024551276,27.444853571634784
1.068409304506304,27.227490113734905,27.402180199664446
0.49986464821091703,27.680672435596748,27.50006333084169
0.4432628444647318,27.656921657204954,27.333079042987283
1.0681733950976622,27.242605752627213,27.312452485292077
0.9313282635044554,27.238303477555835,27.269919563654547
0.174201231754925,27.521921376131893,27.516469735712814
0.7425945585914139,27.424684349396475,27.263924418642564
1.1340783287847307,27.241271027240916,27.105178034197746
0.7198368348059935,27.457066460449884,27.229127312593285
0.21731708762740867,27.5132655406422,27.49024489715623
0.9719867211256465,27.233583608996472,27.115187398126416
1.0376059297005675,27.210031897543068,27.0878340133431
0.4049490458101589,27.665132365820952,27.32948952777665
0.5305211116919085,27.629528756876116,27.381530599644556
1.1128270838436385,27.242812677428347,27.00702962160758
0.8903538216766836,27.256527102260755,27.183919342236784
0.06163255283634396,27.771785259425556,27.40483424997338
0.8215481060702846,27.31573823168204,27.239644919330296
1.0958027077429584,27.237277550418018,27.089575068185034
0.6295521596570364,27.582457687654806,27.344876009492683
0.3042811725108853,27.54136746401127,27.41948408228131
1.009910320925377,27.22052595590106,27.241004664211847
1.017517477591319,27.209625382488156,27.244725972541303
0.31957711345641,27.605381060812462,27.400215396748063
0.6310604705922984,27.574453762580294,27.44307671471042
1.1253002406813997,27.231581713192725,27.360870644704747
0.8332995461429508,27.318615475381662,27.41630664522517
0.07112003066169377,27.352497058785183,27.35354821498425
0.9015295415288677,27.25488028086257,27.466301760845585
1.0910563808907314,27.225327923455367,27.46779704535721
0.5432293826170409,27.66184942426731,27.497733773572506
0.38386555485999885,27.59871019587344,27.36476179500608
1.0513150741516752,27.234618117775153,27.4571087885271
0.9824062856878446,27.209088350284418,27.43393316206172
0.22246729956637187,27.51129646822676,27.526954987539597
0.6974268315100681,27.48484759809631,27.35674787523633
1.1059291352302736,27.246037728871563,27.360233669513462
0.7475996322664586,27.423610528913645,27.342622865278905
0.14817143142859818,27.395644972775266,27.530444834621896
0.9561439035046654,27.239959606809947,27.27481985823696
1.0824652661340362,27.229147080558285,27.226038240797777
0.46041143285872677,27.669815465084014,27.313745039489177
0.49429410647883115,27.656583366716255,27.443376774004463
1.0740517427763656,27.23711608190529,27.11401599290742
0.9236681215908304,27.22389279400367,27.214832736209043
0.09932980039333025,27.599200109389237,27.354037259424686
0.7769795909887113,27.359130502394784,27.259851997208557
1.1390154731076298,27.256768062986353,26.988465047469905
0.6661372978045343,27.529055388127617,27.31585844128082
0.22434080192045525,27.49571781033726,27.38579971576886
0.9931079437485688,27.22342202672442,27.1118657723871
1.0354288866683643,27.2178993885484,27.055984435793267
0.35591790312737603,27.626573035574047,27.421252973074594
0.5631403803452261,27.59934218629082,27.350269744997085
1.1171588214999861,27.2402288448065,27.117867253092157
0.8605692997024049,27.28717188569156,27.227892786191784
0.017657817082519824,27.01515882162986,27.52392925952599
0.865798973405488,27.27787891124312,27.333893476689553
1.1052952592112608,27.231087890238456,27.27856981117288
0.6123054404700381,27.585368707950355,27.423152597282744
0.345436854952813,27.632089865590324,27.388491413376713
1.0234943152551204,27.228080017570928,27.388260175529414
1.03641208468976,27.20816388751642,27.41872214675135
0.26624738825207866,27.576533037773263,27.499510673627597
0.6602138502700445,27.51733349176318,27.38977911777619
1.1394297888522145,27.254054733701718,27.448632546305486
0.7943488277908093,27.357481538725782,27.419566968724407
0.0767920879319685,27.35658538467108,27.53290737537137
0.8931613193621252,27.262826005919628,27.406932601260053
1.093495174533019,27.222540665485507,27.428866175943796
0.4880503142363546,27.674358412435364,27.357216450050355
0.42754673490347106,27.622762696222566,27.513757259595536
1.051395026451053,27.22133585691037,27.358849137456424
0.9564061713075344,27.209715776201342,27.367591808155602
0.16653305820800013,27.616953255222082,27.343122061876606
0.7290937518288996,27.441372474132955,27.392009315655606
1.1467788434858557,27.24005423633806,27.184571008482756
0.72698197770017,27.449513114998176,27.375409557611817
0.18350482572343865,27.45054707236523,27.358666634001526
0.9702791758466766,27.229012252247927,27.188177039400465
1.0705329750773873,27.21732468394397,27.065965757880264
0.42755071519339727,27.659021278354416,27.430046421911996
0.5438615622203886,27.613736982995075,27.298611290345786
1.094959416403051,27.2259888777746,27.021759385521452
0.8995529273967574,27.26438150534812,27.107410372621125
0.07942193480653235,27.654089627866686,27.471080391051423
0.806764274126716,27.347085041177706,27.205373982395344
1.1266821086943553,27.244547668498612,27.04014764815696
0.6444082842605372,27.537873846202867,27.311200490454933
0.296365552449677,27.566385250350333,27.422329410083293
1.0271636514013263,27.226091204064723,27.19801334150134
1.02625638643471,27.214209001394103,27.218171521491694
0.3357996418796891,27.576301390450734,27.42970639491791
0.6048801536978841,27.590827922413503,27.36330770843989
1.1188311543242284,27.239811007255753,27.29215976190881
0.8171202806879517,27.327836927397936,27.372119027037435
0.035042711355124656,27.3162647955417,27.47604216041015
0.880148460774111,27.260467876525958,27.38558443338833
1.0830413264524539,27.225999181809776,27.41411504156453
0.5459394366898533,27.63076130696073,27.38950216520005
0.39573378151102173,27.610717533734753,27.512327437360536
1.0598513734965105,27.232409072650864,27.4567960968534
0.9919266851236712,27.21618780126463,27.459783614201246
0.2116037992596706,27.53457831985468,27.354661951812346
0.7076500455928217,27.455787548103594,27.486374625540382
1.096299453934687,27.224578237643946,27.42473620204865
0.7478587629205258,27.423380744069803,27.464683355841338
0.11851568330875852,27.367814834757056,27.343806876684084
0.9210546959423118,27.260171641668478,27.381582665942688
1.0739379148754291,27.223218266403677,27.297544556280698
0.46069559381673797,27.66166075344828,27.47562592564847
0.4740479093768594,27.656640276888595,27.323568307051072
1.0786873193208257,27.22105883019328,27.18464327970556
0.9328320879910744,27.22838829912296,27.183565075434146
0.1283433887614344,27.51601355364827,27.518185019256887
0.7679086217035753,27.381592367854616,27.218880433365833
1.1355199073334037,27.25534544191614,27.026246703983766
0.6998895584378675,27.49727096023441,27.213548164726493
0.25350353016882315,27.491941010907368,27.485283536832323
0.9819186955378171,27.21401869072999,27.089291510262413
1.0364802010723897,27.201620696516464,27.0739436569913
0.3894045249821987,27.649883716284833,27.341868517283388
0.5834270393853367,27.609514199216903,27.345632364305246
1.104039734676909,27.232913780288698,27.07190729588667
0.8835080691524915,27.262152128058442,27.23196345633792
0.014060824869699116,28.256807543414983,27.548548032267686
0.8467210569425043,27.297088292467873,27.29456282154771
1.0758479378648205,27.231137126751513,27.165148274249063
0.6154648647204591,27.592634076164625,27.365510616818923
0.2987838163048919,27.53748972823456,27.457036211978846
1.022696838970054,27.219333264948077,27.343471278267998
1.0093442737588283,27.218917065750166,27.351613037389654
0.29295425112766166,27.535370927612423,27.383795642308716
0.6471210898475667,27.56170700952803,27.47643546762234
1.1009382806621144,27.223598360639095,27.45273931973266
0.8112081818460792,27.351849663004074,27.472286043528914
0.07401796488914736,27.479483669839468,27.35433079341893
0.8864361493960292,27.264966164356174,27.477359287737233
1.096807296375607,27.223928044068046,27.473032094383907
0.5340006417062914,27.655943305424167,27.502725005099975
0.41540979579289095,27.615895060125997,27.353063245854838
1.0639375071715156,27.221221480907822,27.416686804802012
0.9613338520892097,27.23864449172759,27.35529546455487
0.1722312927346063,27.652540560234357,27.532539296233935
0.7112435949449798,27.46994448800499,27.320135279435767
1.1258381992703375,27.25501903969692,27.253072871374563
0.7318035666055569,27.433583605131716,27.27306914984197
0.1767660743482267,27.452535708443563,27.514666509692965
0.9345410615408437,27.235636781901476,27.20557221563982
1.0903292732712206,27.226971061750223,27.135796270262333
0.4237023668189015,27.673320158450544,27.308161639026753
0.509186763013599,27.628027714058373,27.407324517370235
1.105294350294878,27.252136974300043,27.031730393846573
0.9373756126298508,27.233051504178132,27.152301856329302
0.06096153544112132,27.92824213036782,27.40498771614184
0.8109294861063246,27.33643394549742,27.230971186298426
1.1183762088687728,27.24920249021093,26.989639279309902
0.6684160841420841,27.52061222065134,27.31003685072071
0.27385244472385906,27.523709557577707,27.40130106618873
1.01396958312695,27.209260368698317,27.1512389973284
1.0318334300103071,27.21205024945391,27.11954190464049
0.34037990420408587,27.659713632938466,27.409587292285195
0.6054894590943436,27.571077959474756,27.389899485366897
1.1161300238293999,27.24589271152898,27.228859775253053
0.8539715975746537,27.302415129424457,27.33000453764813
0.020521786908583046,27.10945338570042,27.452820468220693
0.8657614710171264,27.288690162427788,27.395026165010318
1.1130807771616453,27.228788846027506,27.397236531845973
0.5650249978093149,27.6333704759992,27.458055180953956
0.3619439731742438,27.591880872174727,27.373555433948034
1.039879192007601,27.22364682267671,27.446816713982507
0.9778520846637846,27.23025593882291,27.449397497023696
0.2319651843994753,27.601539139106936,27.51806564787937
0.6740873603526888,27.51359695915976,27.389971642176015
1.1160885555542404,27.235884811586068,27.44871009166639
0.7932634991836247,27.35750923880994,27.387691886978196
0.11156870372300609,27.393355675799675,27.53701119241143
0.929067171424506,27.2395392234642,27.36510032138407
1.0819229359052573,27.21832642650902,27.35877168685669
0.4824843254848486,27.68067210719723,27.337240912585624
0.47142125903175436,27.627151639318555,27.47287193585994
1.080581126053958,27.244560566153325,27.250135749743592
0.9322074508398288,27.221192020571834,27.285223919193392
0.12028403127348382,27.54777537563822,27.364922989249123
0.7592820240981683,27.40048987032995,27.327313883707227
1.1340990575897505,27.244362896265155,27.06775755549014
0.7028396126703292,27.484732757200412,27.329794794458337
0.22841027510355155,27.462631929047912,27.354175835193985
0.9556412991648147,27.216079920931513,27.13455010537208
1.0544759802412218,27.227233228220804,27.020239237493456
0.3867488981522027,27.655601065334615,27.42940884148752
0.53207688127565,27.652847682175707,27.316199017920045
1.1150502994079454,27.239396000648636,27.02800503503787
0.8718235443560455,27.275439582165806,27.166118939937576
0.03381378522496715,27.465533167177515,27.502896953107324
0.8289143436638491,27.298889030122737,27.250443761129688
1.1244439936091657,27.238667122164983,27.15218530296876
0.61614979195589,27.572746870653802,27.351517514839728
0.2921628981681796,27.521587901235236,27.405845979436112
1.023452393489636,27.220635502543217,27.264300919159723
1.0221233759424995,27.21565284762616,27.330638738933853
0.3053558501452644,27.626788628464553,27.469764146929748
0.6310424010708072,27.55415099090948,27.379085317234953
1.1216296774090087,27.247461440569026,27.375622350438356
0.8268447869960872,27.310900840719754,27.41462910421096
0.06591518043845902,27.168629743315886,27.539016268301193
0.9004510626618817,27.258973026869022,27.41955883065364
1.0888552056465528,27.238066598430038,27.44882797963389
0.5463916253464651,27.64469972810187,27.384351810995227
0.4145895030558069,27.602563477104617,27.516011663308078
1.05206953240634,27.22557339899714,27.431887973205903
0.9673428308879745,27.228953435899776,27.44323344755232
0.18620562801341728,27.572792819621572,27.34434179215026
0.7168756784538041,27.455949019859492,27.46399112087646
1.1249367432219262,27.232682855754465,27.316495566647056
0.7372713808264942,27.421467714060675,27.41858365790431
0.14851630443811698,27.349547079493096,27.34464083497816
0.9550427753449292,27.24125479648327,27.287928320066875
1.0801013069679337,27.222552489545045,27.189289697287652
0.4781727906309859,27.649035130563515,27.450085614438898
0.4881794348022077,27.63869870539142,27.311961782616315
1.080608657749254,27.227666128184875,27.106636780186875
0.9478693330884431,27.227854936839037,27.11082085710899
0.08708440731553763,27.50560867784909,27.498827154461747
0.7691554031490107,27.386868970847004,27.20884458727028
1.1269332121228643,27.25140301911494,26.994831162802942
0.680086421172946,27.516522722236708,27.2274928109018
0.24594792101818444,27.54033414208278,27.447792616157244
0.9987226112909395,27.21832225397541,27.10342908961468
1.0185755294287493,27.20795938558808,27.127620888246334
0.34030796069816666,27.599870097281695,27.398897703027615
0.574783383228872,27.6148384710418,27.35358983606606
1.0940393603626695,27.235381216232813,27.16941103179391
0.8632917088816262,27.286089765485304,27.294641857035682
0.012453568325897937,28.46291522476367,27.50741317918896
0.8284935470556947,27.317071060415593,27.3271523367336
1.1156119638548279,27.238220862386232,27.29705579178738
0.5898397168838428,27.608726062224306,27.38909472172201
0.3446871834760739,27.57252437605181,27.491932832469573
1.0218761204231797,27.24272702888321,27.409794943026313
0.9955058273456246,27.21865803307913,27.42714280022536
0.24566991835364757,27.545647820407982,27.382643032068795
0.6675671692336853,27.541267844419753,27.49308948599858
1.114351908884096,27.237849927185692,27.474801082594414
0.7740708187919801,27.393904456295573,27.4764880450183
0.07932851605630684,27.390426624239815,27.34499560721062
0.9109503294336118,27.244327577765798,27.45217292223126
1.0915764997730484,27.23275187902527,27.406995731651236
0.5009464977885812,27.6849718602746,27.49545443896798
0.4294034288163312,27.62244743475726,27.337623527768837
1.0829694376294103,27.227280205118255,27.33264514938996
0.9511033602700867,27.231025537437525,27.293956514593823
0.14858813267972962,27.46680378084216,27.529797102803805
0.729368587929945,27.432230775561376,27.266836094448863
1.1287939806109024,27.243430194689395,27.13163668575011
0.7051285749834275,27.47151373305094,27.234848052592298
0.18661333151103948,27.446883160805804,27.494383242727494
0.9703185635475553,27.244279373166734,27.11986547841548
1.0536643740988332,27.23164100350146,27.076349513031598
0.3918240613657396,27.662774969127515,27.32686599574493
0.5113104625229093,27.622841791927,27.39034160441713
1.0927355732906248,27.233840085543356,27.018539279095787
0.8775069712312855,27.281833129506396,27.189653316023964
0.07286666983107125,27.506824534410317,27.446858298282617
0.814255980439946,27.33275308074457,27.242127906763727
1.1098751708131103,27.252571581263553,27.03502518665029
0.6475040634892766,27.549131464286937,27.341310887176135
0.30049662678426203,27.597229820544364,27.43472010200342
1.0174268328771845,27.229309437158356,27.23338004139738
1.0285091696915902,27.211428594471272,27.23098174238615
0.3159512862119254,27.59204172601169,27.395365271729585
0.6313691441140297,27.547794601497444,27.43089228557993
1.1097859433637722,27.23303427845496,27.35432957845336
0.8405464698027223,27.30355627400954,27.40895380012399
0.04271856807656244,27.23864871764999,27.38179231623951
0.8763497296898424,27.28922737437991,27.444755550732083
1.1049042929077975,27.2478777721981,27.461994500151476
0.5515750992671568,27.667392340588925,27.491829435445997
0.4032880412854999,27.602221697924016,27.361882831116393
1.0386605903386443,27.22535968605098,27.461817545515608
0.976314629597855,27.22488222009798,27.438016832259855
0.2443436095979246,27.603258667519874,27.524561705898428
0.6972761902409909,27.479001011040758,27.373418700313586
1.118563309793592,27.23714940069256,27.376117818059342
0.7677541520554559,27.383017265057653,27.347026181530527
0.1605744543566071,27.39847734596452,27.530160197876185
0.9407446188834826,27.23428349998919,27.28980271073324
1.065233338025774,27.23111858265102,27.258346661169405
0.49084109611830096,27.670466903949315,27.31963461013844
0.49317239350341213,27.661150992912464,27.45030800001727
1.0711190711338878,27.22748047516596,27.137331208081807
0.9244444947008247,27.24558556084154,27.223215659656613
0.11143062756226675,27.534836776468786,27.34744293866004
0.7852177234836952,27.36319442367625,27.265726935760494
1.123174235471914,27.245570568632434,27.011376343916513
0.6745487663456134,27.55303172819235,27.314824808082406
0.23661377805201386,27.474336933109566,27.382287145528203
0.9929404194487835,27.23162042597736,27.10748749426893
1.041138147478297,27.215647585072254,27.0320237971644
0.3580691709135807,27.630911051639814,27.417812636703644
0.5807771445956694,27.61446417505561,27.343482011108208
1.110740903505909,27.240629441868567,27.10023502894281
0.8598257632945077,27.279473978994112,27.2271746303346
0.02749396897586557,27.711310330593403,27.477017487954875
0.8338093953887517,27.310755697662007,27.330240678262058
1.1141820904994824,27.240322246136483,27.2607607260742
0.5919397428861611,27.605478812038182,27.40566662733061
0.340062108362727,27.559237588879988,27.389532569368576
1.0487448881604367,27.227792006170496,27.37031756463611
1.0223434669132383,27.21756368590484,27.40129385608281
0.2754222481948972,27.576196741082466,27.49678534324129
0.6481740675761115,27.533736469609124,27.387509873298228
1.1108967096484788,27.241071587079322,27.445949895451463
0.8054417301371174,27.34907929855342,27.42291436226088
0.07771580920311878,27.312675951509707,27.51855994415875
0.9037057726777566,27.260561974993124,27.422554467121543
1.10857303772769,27.2470674413549,27.44514375133031
0.5027297914156144,27.64664981555573,27.368549477881658
0.40213823672108745,27.628163284690274,27.516013861655424
1.0637809038339323,27.230085135686714,27.35724827823693
0.9492237719946989,27.225823496378503,27.390782929829292
0.19332228841110755,27.558017433826514,27.34247865846408
0.7427663993601986,27.41198767183777,27.40141408252866
1.1281827056544327,27.249043747252077,27.229186942334152
0.7440861604016532,27.429466397723736,27.368186237023888
0.18153438447319228,27.449122892344356,27.344873261968786
0.9568240137758143,27.22913871472379,27.21268573020808
1.0614781998074116,27.22323616208865,27.086199623476137
0.4445612270438877,27.649285050975962,27.42191162454084
0.5311841296865669,27.637815816217156,27.29840324008519
1.0918562945418255,27.229442816844465,27.03412562771756
0.9137306951207016,27.25820733054531,27.104308207721374
0.08709101650193395,27.75245373996595,27.49209323897885
0.7963479991348351,27.35674163070688,27.20881660680908
1.1161736653131806,27.240939570225564,27.03785713890507
0.651750174657443,27.561478643281426,27.26703931127718
0.25269916924267455,27.558800262919544,27.431327983417503
1.008547051242638,27.224715778601606,27.186173647681322
1.0169756603808158,27.20636550771203,27.208891500138602
0.33032702749780574,27.623307908682886,27.40946711727603
0.601210395297686,27.58927585613105,27.357717802439502
1.11660622044444,27.24769690759697,27.243807992695224
0.8553408751257363,27.297953762426758,27.35832324989296
0.029589751934857193,27.135259864494397,27.46092536793026
0.876258987445213,27.261648650304497,27.38604161368745
1.0965218685538844,27.228102608045607,27.407366502158727
0.561616778291863,27.62106112951622,27.39370570930189
0.35652621290472636,27.593004511897902,27.510459381753442
1.0614955122994527,27.229137202571422,27.456197656560374
0.9897804124788696,27.19262966383109,27.458273238358622
0.25563209219181104,27.537212659177627,27.35051761359025
0.684857064512651,27.502360314283216,27.492165662654237
1.1322778631597705,27.24969282674348,27.454258492879635
0.7804286344824415,27.37243444570555,27.466632683810914
0.11954006114327251,27.35799667443103,27.34301095852136
0.9442962945446246,27.241883161430856,27.405471589720793
