xmag,pm,po
1.138810318576639,-0.9690525374733454,-2.741811946410337
0.7587743341813321,2.1130433061372855,0.5921595986072248
0.16871319389679532,9.218475397517182,3.1341507527059775
0.9731729177509673,-1.5995015877010132,-0.8134909289898076
1.0764865701671418,-1.529030042421084,-1.863904383836541
0.431453380641293,8.854503305286784,2.883269227777703
0.49904800846593367,7.947405837639735,2.176457934179524
1.1025409295216277,-1.2269739563661801,-1.7267943108949169
0.9205118717233798,-1.0655361156734955,-0.07227867791323206
0.0938728356589459,9.241300215733077,3.7441431260297406
0.7921016603319707,1.102457387116175,1.1040800606749883
1.1328489857121198,-1.2031163407392285,-1.2484460207047334
0.676004237739095,4.207516949533073,1.8355879858434037
0.2523944922787694,9.566670315668375,3.9918151778685456
1.0123219267507149,-1.5904024678128792,0.901526960278602
1.0439786129974127,-1.4555212870185414,0.3030830614073352
0.3216667586666862,9.730128498390258,2.7235180686195406
0.5889327308723036,6.448566288680752,3.1746768964316914
1.1021489316896984,-1.4512531936606763,0.8471621148604811
0.8382154510735752,-0.0029118123212015234,1.866984272626695
0.007935261833256694,-6.647557785285983,3.0909483585716373
0.8627037392669575,-0.36268375959119226,1.778130670885588
1.1084751428396489,-1.412243557566967,0.5995607066151933
0.5832718177854826,6.797349787813545,2.925182616180706
0.35068514575568355,9.461464804261055,2.8576993202570407
1.0331897512057944,-1.7655137967649637,0.09812257736322749
0.9952676131509074,-1.596946341203818,0.21629563441959476
0.22069292226957482,9.206072219251524,3.6758447255218982
0.6727620322942771,4.181264292324386,1.8935553522568682
1.1209116469199842,-1.2802013599793156,-1.6566164399974923
0.7783081273454987,1.5504590340862023,0.805928897484705
0.12284965867041774,9.469783280571022,3.5149795642168726
0.9273783988868008,-1.1008698361878828,-0.08376484747665813
1.0819181394614508,-1.4100457529791868,-1.9719531929431184
0.46152566956752783,8.70666542691771,2.391789865417536
0.46959985919803576,8.686725320409039,2.4100128148886597
1.083838113366853,-1.3477973215566976,-2.1120874441143656
0.9620873260747668,-1.4036894342781636,-0.9685077835359834
0.15779639286792438,9.127916608691265,3.606288685039601
0.7442587506315708,2.347084602097368,0.8208466707491766
1.1096691370704845,-1.4018048942645862,-2.5162210477300846
0.7011963515544004,3.556670357363828,1.1826188602794332
0.21221764621660438,9.27223343649726,3.813647129311903
0.9621730160348252,-1.322527904751297,-0.17298038173814234
1.0405930105766656,-1.5934567653966951,-1.023447059105905
0.4029221549457715,9.511501568042377,2.52369000649864
0.5382652496781483,7.438027877213557,3.053876050619351
1.073691684751938,-1.2799164868608557,-0.12989377732904472
0.8753707268109336,-0.24645334236853955,1.0295629238906656
0.049482556683064276,9.608764659692241,2.923788469899563
0.8371609805124692,0.30592552393460437,1.880144814167636
1.1199960126379769,-1.0985738928909257,0.5803727974323465
0.6139385666758493,6.165268759819469,2.905963958301868
0.30308895558512355,9.773969586923556,2.7800410628377676
1.0012997749906325,-1.4254667085106405,1.0505205338668873
1.0198865292063455,-1.4672462762525242,1.1171678545514965
0.2958343002054424,9.904566131663728,3.8363789289523993
0.6355450848312716,5.169879482496157,2.297775797026702
1.113510790629929,-1.366834907467819,-0.0750312054657627
0.829681617340038,0.2980592565529605,1.4091348317564325
0.06189830916931355,9.869274341214236,3.7226675978031665
0.8834493067927162,-0.4681788692198836,1.1368257757007143
1.1068568633426774,-1.1753484675571428,-0.7820075763399643
0.5127720066325218,8.08610712563106,2.282376193598566
0.42112889420258043,9.188194385102378,3.025329641754496
1.0643946240311881,-1.4554580166411597,-0.8356230142982213
0.9792483013586377,-1.5461291876759162,-0.5966859191361209
0.19482022758387926,9.621231276248068,3.0854219890012757
0.693386839179937,3.6464426130812626,1.3917349601014735
1.1226805023870714,-1.2966413358212208,-2.4702770759151917
0.7438460859658564,2.37191144369379,0.8448750857428706
0.13442229208397607,9.43065680518933,3.5706589591283944
0.9450282578898701,-1.2780484579466531,-0.7976174573947503
1.064456823698773,-1.4976981439892825,-2.1702475311042235
0.4584710005490989,8.791373472269271,2.347009498407516
0.49919445944417795,8.079373141083607,2.791846688657756
1.0780457250412936,-1.376125809251505,-1.661273175191809
0.9337261053076994,-0.9923208305445428,-0.4785079097001699
0.10963507672878393,9.309235086409046,3.2067018165619743
0.7892603636759619,1.458726463406009,1.3702239235961429
1.1223109085509069,-1.1105559569107584,-1.0299683006710723
0.6771573403058823,4.43359199424782,2.128831074500823
0.2485941742014865,9.545138821803363,2.806426747731649
0.975753534769347,-1.3806111443818168,0.6565287575542129
1.0310985018108736,-1.5907960636603775,0.5561823934691574
0.33777526205225783,9.348408662463981,3.737294211453275
0.5716968572120255,6.914345245783267,2.341268608355165
1.1069420252059012,-1.0616228093201698,0.1315832768580094
0.8460302805207206,0.2827394677825339,1.6988615338760553
0.012652117174084444,10.554791014121406,2.83387443675403
0.8503749826337137,0.23865965140578282,1.7628315892893909
1.105829143068621,-0.9672208785559349,0.20430701199026657
0.5939077335949265,6.414262403776746,2.2832088267996653
0.34981216025895256,9.535549824896151,3.6664268398073716
1.0269110767331078,-1.5767050267395177,0.8260384753122878
0.9967756583734517,-1.8009699129954697,0.44967064033119186
0.26876409715394955,9.802341140900154,2.9003080721052754
0.6579328296544411,4.580080407809646,2.262450637312895
1.1087394003901156,-1.359352173277557,-0.6356661740000789
0.7863817114297581,1.3898477077300129,1.292182872082634
0.08909256525172672,9.004088735206977,3.4022744549398567
0.904456262577285,-1.115495906039655,0.061539658433190425
1.0861030480751779,-1.6161184965091593,-1.6233101586103942
0.48834901294676436,8.193477840122398,2.5331570324642314
0.4355615623500412,8.705969491676967,2.8259648736985525
1.0764947133340514,-1.5688121897453584,-2.033378224889475
0.9515934438163607,-1.297978406719551,-1.0675949018960011
0.16548438068310262,9.80882782610638,3.4538883918416445
0.7333377711383925,2.563030755034987,1.2859118584596558
1.1243769541103525,-1.1072295979557794,-2.495127966643679
0.7020066892609109,3.735247311703773,1.2186717455102212
0.21015528067504702,9.603668372465307,2.9810220185240723
0.9684465774641209,-1.184388090661173,-0.47449487135233426
1.0420732562730377,-1.2755284078698708,-0.9977976909980839
0.4201065397465398,9.43845712203057,3.1577839635900773
0.514640244460416,8.327541130908287,2.221688803047954
1.0868971670252463,-1.1947475780428078,-1.1139139514007184
0.889097723585724,-0.49965262042752556,0.7593209075402001
0.056467224625924996,8.594940842765197,4.200952582625888
0.807482297273909,0.8163828224210476,1.5153481819679655
1.103970869042307,-1.2955917425484813,-0.218675072717474
0.6306618397754085,5.375173170229829,2.1218218206754784
0.2868082453123763,9.617106913054158,3.98628397158717
1.0072909227469493,-1.4405957796574569,1.2029974323021122
1.0050992097248828,-1.4687668090100772,0.8067419376824319
0.32105810653388744,9.758044183264843,2.749807992330915
0.6007601056238621,6.368126384925375,3.0448330885710106
1.1330014657218774,-0.7848559484379507,0.5932142844100952
0.8240559854616504,0.7001046777334636,1.8554669718252796
0.05940271031526561,10.161921872781221,3.0676474239367906
0.8630033840897494,-0.055970583210296354,1.4486744180158269
1.111146476901954,-1.1066963393943752,-0.02000975504637381
0.5522962079751726,7.201378446275186,2.8120563655817534
0.370094524613442,9.495048282241925,2.860373694790127
1.061126234186182,-1.399239416604047,-0.7606530021690503
1.0052004376696384,-1.6430031731437964,-0.5028749278860971
0.19945519625746191,9.493520993155812,3.551095171851017
0.6875680610051997,3.436014069665049,1.615591243474995
1.1349423768639904,-1.5091221595393165,-2.2632982366652925
0.7665306187868218,1.347782829535646,0.6566886082089525
0.1375696434345576,8.283654152644658,3.3069777186567535
0.9341271732316986,-1.07298260929565,-0.36807669433227375
1.05067140673806,-1.4044797084987977,-1.833373793611969
0.47047007436797256,8.78072500262212,2.415646881334567
0.46597719768812135,8.631625843009033,2.3324269192623888
1.107629234781818,-1.1589920223652541,-2.400840210467152
0.9108549480910382,-0.7476658509869765,-0.32061265934720495
0.1114744728366407,9.482993604396654,3.8017031709560456
0.770099247939838,1.6741557920421712,0.8601848789131452
1.149824333222231,-1.0611058322207612,-2.4256910447933535
0.684572771834348,3.909215416197128,1.4977078368563355
0.2417390841315844,9.550975761920427,3.9145483245945343
0.9820157202543148,-1.3268949562281023,0.2833975761083991
1.0791269755281483,-1.2663437131750754,-0.6500336815560956
0.38078833940720713,9.859619019866813,2.597372893060083
0.5713910449754646,6.819901885423064,3.1073301356650234
1.0991519044404512,-1.2903291366477845,0.5034878003684753
0.868661225009928,-0.34509538616043756,1.5060862186092834
0.01968526011936524,6.055357292138666,3.241095956895009
0.8500621650536176,0.2799687816064136,1.9962265071284833
1.1294398335363036,-1.0477920227672541,0.7105007512827228
0.61802600221235,6.05726713631978,2.9006476170334565
0.31336660862995486,9.83506696267446,2.8037919158176408
1.0336966913655148,-1.3187981889297475,0.6511869985895657
0.9797698422068601,-1.1791832565329514,0.9883076769041566
0.2788832426060825,10.026804434564667,3.8222620861916994
0.6679563751844092,4.49246438184278,2.0747703677549794
1.1305585157445457,-1.1355672634721827,-0.7221145348854918
0.8073023438388683,0.8992137170666865,1.1459250681210165
0.07368720459150106,8.465854644513172,3.840929669851903
0.8999370383026618,-0.6115968297246752,0.5279365503767508
1.1069900314521344,-0.9875052044778272,-1.52653233085843
0.5084263994007385,8.25136289088411,2.206879603971828
0.42726191343204517,9.196389774211838,2.869777046544101
1.0359049843905115,-1.4818999776321675,-1.1892039975876116
0.9501744450155472,-1.3732100932939773,-0.69581958115063
0.17785976389541183,9.749200529324554,3.4540252420575257
0.7191822738400941,2.842206930569489,1.0145022245733628
1.1547841664590224,-1.1126171029405327,-3.158280786882898
0.7426383846281575,2.345727282371371,0.8030529246516949
0.15524940750638314,8.649422820237277,3.7332016330070985
0.9619144617329435,-1.3095174791931186,-0.8233178708964886
1.0779072769655231,-1.3461419705803053,-1.9500947493720275
0.4068073573517674,9.326990840674,2.5026502393197063
0.5088739188268071,7.932908486926607,2.973080823054005
1.0865452334075711,-1.2922756629414778,-1.096041497049697
0.8914030102826057,-0.6464800019141705,0.27844250199376575
0.0748205255291545,9.875780575937313,2.9382437798427645
0.8146383298508723,0.7001489816501874,1.6694954290513522
1.1245621063349167,-0.9474460030457692,-0.17117752285562915
0.6313863470556512,5.951828022758576,2.6021280417520813
0.2841880214537449,10.00364046238198,2.7815496571418805
1.0252184078527147,-1.3129612315844668,0.6544976037324943
1.0256624178975908,-1.365272009251811,0.9909348250172059
0.3360705848320933,9.623977511591931,3.79540458483973
0.6089096914798641,6.155066436474101,2.3327245738658746
1.1044229180261602,-1.2134672927213899,0.3122856114027286
0.8395360459609406,0.5405170927554366,1.668452426417673
0.00973185935571415,15.497388311816763,3.3393405859903282
0.8725724241148405,-0.16758307395585348,1.5698836254526611
1.1048109708149498,-1.1886090337440294,-0.16542714460032926
0.5626248996261765,7.252766086770777,2.2360477731115225
0.38514241407024774,9.5554802825975,3.4588060346158045
1.0492924488913131,-1.4534414528855848,0.05274101496482331
0.9762426642629672,-1.3423925026561392,0.2038477605581761
0.23139758464681354,9.710771856004527,3.2196320823581743
0.6501982954545235,5.15069052691635,1.9554336909309882
1.1268264090196936,-1.1713308545012637,-1.5500281181906814
0.7661097531008532,1.9497820572996432,1.0254222725959607
0.12432212551472503,8.944746904672911,3.269155772528194
0.9406895670853525,-1.2614182463374561,-0.6398598156312687
1.0667499728054215,-1.468433145440514,-2.030299554632734
0.4737720783941139,8.830933885949037,2.441399244342392
0.4790623841516504,8.377589603355005,2.757789647290764
1.080862655417223,-1.6058642561867202,-2.093346583134945
0.9215726231937857,-1.2117126117413477,-0.6663507009842533
0.1580321750401399,9.459805523254289,3.150919049857123
0.752368925973182,2.136586612539787,1.2636335405179295
1.1148132351009024,-1.4522547084088444,-2.0093280082160447
0.6809632175724563,4.018197210114209,1.5158494286296218
0.22699192133957585,9.535944119865917,2.8733837119033296
0.9827270433075108,-1.3424723904412303,-0.2067370112044955
1.059561714824777,-1.3996740224517623,-0.3464256471755789
0.38882217723475554,9.632130961632726,3.322516912993507
0.5386237922677426,7.580744175582424,2.254997623728542
1.1228744536735684,-1.1815894426303544,-0.6031045226679623
0.8725198575227929,-0.2805775451251975,1.3404435901227316
0.023349693327516276,10.403847707796388,3.9575715256023614
0.8442269504633864,0.08696195829168119,1.6056068100120342
1.108370638511208,-1.3631892827420415,0.10113173643284767
0.6271519979622904,5.760048047931946,2.2354310005969182
0.33629351471790464,9.669207973928593,3.86262082972479
1.0381630682310075,-1.3755782679006359,1.1015851688813996
1.0080700517921428,-1.417506629407086,0.8670265093420539
0.2770559665941892,9.563402341702925,2.8656823142648307
0.6297721304486494,5.3927981535001095,2.80983064433255
1.0944560857219536,-1.3924907592791271,0.39522102184506025
0.8261390371820572,0.4072211498910576,1.54665453562302
0.053212055552101845,9.507517331661319,3.4777304735179086
0.8933711613663903,-0.6611622091534173,0.800370130431105
1.1039019373295509,-1.2394314165408105,-0.8071284832129493
0.5102885001385834,8.257131075342159,2.7157064991289133
0.4112863373016508,9.151215809449155,2.808962881921076
1.0616724585700854,-1.5905043055864496,-1.3386544180189048
0.9749095746630493,-1.5691862972902868,-0.8868903198592761
0.20256568307613174,9.326461510336202,3.421020068237283
0.7239498274773334,2.91030766388738,1.3066078362129758
1.1283841884515247,-1.1600260867376448,-2.611666398804317
0.7294913046846058,2.7537453248378654,0.8251399337123928
0.17451575340028033,8.910299150948305,3.2586475931884706
0.9682166374928374,-1.60763621613836,-0.8123978082629151
1.071534377785086,-1.6715680420244325,-1.9097350623076466
0.4277213689839522,8.70718283960531,2.7605272748969867
0.5299055022340277,7.317525551500523,2.046331873676877
1.095843945616189,-1.6733620560654288,-1.7449471846731228
0.9261014240826586,-1.3012209125960226,0.07201215518227855
0.10147367503234907,8.124775905713733,4.011568243967588
0.7955097773614264,1.0534553695176214,1.043938260554171
1.1096236097551986,-1.2873783518578534,-1.2369440522488446
0.6565817830224674,4.967002385033226,1.841987536439774
0.253120258890774,9.502177481459057,3.9643935389472915
1.004115468141453,-1.7744261304186182,0.6081044648342413
1.037628585903335,-1.9162660580864497,0.2654000175365354
0.3539957328894845,9.425744941032491,2.681223241533445
0.5835948723068408,6.507219187892844,3.19524401390305
1.1208685106809646,-1.3936087479228547,0.7501971239740612
0.8537817184525995,-0.3219634762976398,1.7976453783811053
0.012287077531579278,7.283565477969034,3.030990239777708
0.8560174629832761,-0.27151527066402537,1.8560255348026544
1.1098551846756703,-1.3698662793330527,0.5927079863469942
0.5794156622630431,6.88204562040255,2.9149941539386077
0.3348859828871667,9.43790425821922,2.8545476801039342
1.0622793828569674,-1.5294475539271275,-0.09609661047161921
0.9994959689402869,-1.5231590114329379,0.397019145472683
0.25147349703715877,9.739879958392862,3.706451768993958
0.6780099254605855,4.1486498609106945,1.920986150408254
1.1151200695679848,-1.1815915261160796,-1.4899423804222067
0.770099601333665,1.8866166410780068,0.9864293335221532
0.07321445727364556,7.667876082909231,3.7764493268287254
0.9185668768988672,-0.801650437717143,0.04196490235497663
1.0848905651214944,-1.0850195155859979,-1.8940194608838112
0.49084983555454814,8.549977910010853,2.2505090915564665
0.43390022954322954,8.923201599157835,2.606628871976028
1.090591598924719,-1.1389443658940763,-2.100585710126211
0.9355417912949542,-0.794868650281984,-0.7359579336525996
0.15824412460916504,9.879121948628296,3.5947284042494516
0.7651760901943971,2.2210369850130576,0.6745130527821175
1.1254899178993258,-1.1825128916877645,-2.5993653988007566
0.7022534090514708,3.4283625335955605,1.149160595224913
0.21279583313870062,8.709149938055134,3.8062990869117925
0.9866903415012677,-1.5086361312146437,-0.5405625152672258
1.0497069696002685,-1.572070766662307,-1.3126028160857288
0.38658270294931046,9.350157784795329,2.563275825757046
0.5205418207137694,7.871231920731418,3.1749427832302217
1.0884065554061262,-1.3474176274855552,-0.4119169527334634
0.8838683079977221,-0.7339318270321655,1.068846442195877
0.05456160125773602,9.281859148389316,3.113834483692216
0.8222618297594702,0.4763069258879682,1.9425019334033777
1.1041748716302855,-1.0566629808497794,0.4699447681689435
0.6221576828489139,5.839140681332395,2.843163110972455
0.30900237577904266,9.777029570241496,2.760346166519355
1.0134344227607681,-1.3457965583216946,1.0044248996408385
1.0013411812426978,-1.2643612970662161,1.2147920823447862
0.31820406120372074,9.90248790426773,3.822544427287852
0.6152381664377002,6.147274727449599,2.358248171768679
1.1175199512430798,-1.0093770898963044,-0.04766463057342207
0.8174165648640932,0.735878628010056,1.531904806013614
0.052295541781607335,9.467187892756783,3.8294986919981113
0.888866107835987,-0.4288801469896555,1.1995510457949763
1.1048704658251571,-1.2463277598100717,-0.5646185750465236
0.5511963751688332,7.277539876653208,2.188020308627216
0.4124800916917396,9.36684723477967,3.1601150515288907
1.0574860219006859,-1.5597575088040685,-0.6303383667840023
0.9762293650157383,-1.4646914596389138,-0.44165510560074495
0.20937110204824902,9.641335911988307,3.191257232308857
0.7158403554474747,3.10797973879491,1.2502368960988974
1.1310605914312883,-1.1479538256418778,-2.390162022731573
0.7554642141158643,2.2400329162170465,0.8401814353665031
0.1447311969247281,9.475634167521804,3.525950520014561
0.9300161733596934,-0.9906533670371118,-0.6621807063695826
1.069574270307567,-1.5420688118053931,-2.188940974017413
0.449884171722511,9.098931283624864,2.3989014915199505
0.4946822271853245,8.507932614108967,2.8010733285968286
1.079477882558024,-1.114090908816877,-1.826975516515148
0.907497380651314,-0.540852572014245,-0.5378750369656302
0.08447050287402197,9.431873339786335,3.026025317857801
0.7782361730292272,1.8864463834288756,1.2812257021952576
1.126083366728092,-0.8496920704573085,-1.2720884326463135
0.6805364663698859,4.480069873113337,1.9936083556405038
0.25499307403072224,9.689303949927478,2.814656282857726
0.9901487525323324,-1.2220718844934595,0.2893505260052507
1.0480845925342714,-1.2543708459039067,0.25344794533171466
0.3596033000933043,9.670509477898435,3.670389833714154
0.5674743617847823,7.155081983607772,2.307831224828959
1.0944401694779122,-1.2132349810214862,0.03038109201406769
0.8637323707024676,0.006348782925812202,1.5411386283098807
0.010303209749745553,4.009271419746341,3.752132552045964
0.8554050765298999,0.02217180908598948,1.7497702857326658
1.1246738525937603,-1.2671134943728362,0.13354802640444063
0.5835652429905657,6.570200814407258,2.322388614821648
0.32706736104006157,9.517962801833164,3.8210766493629933
1.0290424073412008,-1.9078885418429934,0.8448354852202442
0.9919590520062196,-1.9621615604453666,0.6526362919087774
0.28541289987102364,9.477444768958321,2.8766262442407253
0.6524005813724313,4.690671771455044,2.3778751165242795
1.1173306171223127,-1.1799214275845316,-0.45661682470279175
0.7807920797195705,1.3645315509361353,1.4227130600141038
0.09602857309527311,7.717312907683237,3.451733184670786
0.922676464470167,-1.1554854351415997,0.0747724867171371
1.1013728546777923,-1.4308965554904205,-1.551632101320564
0.5066681081282554,8.044192757336873,2.4836808728693995
0.422047508866527,9.159992418591287,2.8643805555811923
1.0687771930284635,-1.4889681587069106,-1.8296583735504726
0.9495827501168883,-1.3243160560151352,-1.047406422264487
0.1586085747691945,9.322053592723876,3.376731820110905
0.7486138066610598,2.2658171209611737,1.2103009179006108
1.1145221770070644,-1.361423612287041,-2.4785502141958204
0.7262052565414941,3.003724929061036,0.9263759495941883
0.18611036901441672,9.123884537327967,3.0502637514977096
0.9428985264681959,-1.1805577796089324,-0.3409847614740329
1.0534766271956642,-1.60467441106627,-1.2638267500157383
0.3990529592241987,9.363473758734585,3.1693861219296195
0.526789849977746,7.68252468371125,2.1422987558210878
1.0913036118156694,-1.5296558709829355,-1.00056484146819
0.881086092781798,-0.7270026524316506,0.8715986467473158
0.06414747655192883,10.878068526309733,4.049051530477186
0.8271701601949153,0.4604518063891021,1.2295711382228092
1.10289780084114,-1.236155035010313,-0.27845422853803825
0.6335390052787903,5.594871838031821,2.129998752119093
0.2909011021824382,9.744684905485457,3.9611205798156846
1.0428796713268211,-1.3767085490786428,1.009442001411287
1.0059548678752634,-1.3656389632564299,0.820159154951682
0.3302422006878736,9.827832882214153,2.7494107036148137
0.6126453335989431,5.986339091679099,3.039967478174134
1.125688367703195,-1.205500390025236,0.6955319495930041
0.8366109714976052,0.15607525944014355,1.8064194625630705
0.033586304907482684,7.5748512470043465,2.893728040338317
0.8547702614737016,0.10600716246290176,1.619440642689483
1.1024626856213138,-1.3302079391847883,0.26317338849000294
0.5723219458357738,6.7982902902251965,2.7157821858803857
0.36447540512686927,9.417993500008436,2.8709556612087965
1.077556790201303,-1.461293916542843,-0.7255965201425454
0.9645439561213406,-1.5918792838076286,-0.16398227577812463
0.2005823633670975,9.377329729842984,3.7011092062857074
0.7054874671520119,3.314257647720467,1.5436929189297928
1.1263870506398488,-1.0075011052101388,-2.1095102608001923
0.7544374230323438,2.4984956085537817,0.7640974108319938
0.1215765065367712,9.7136317884204,3.3355955061908844
0.928498084996297,-0.8687244047914362,-0.4044725455168816
1.08367559796744,-1.3968187855718384,-2.1746426106350327
0.46292651551313113,8.739409537535295,2.5209611180711136
0.4567822367841927,8.569020072934762,2.3964022886813154
1.0747169958939322,-1.8700156685580112,-2.009042678580556
0.9316783822710603,-1.4515347498837627,-0.5514240453036621
0.1228363090240903,8.935643395413337,3.718944056793248
0.7545782387560447,1.7736777200614995,0.895160774696194
1.1450109458401851,-1.364039986921398,-2.296031688149725
0.6998116014547275,3.4202486098039344,1.3391855109410074
0.24013486125508435,9.372272611309569,3.977012482788723
0.9880564505913515,-1.8296311086153025,-0.01380914735125316
1.0567382634248585,-1.801753980135203,-0.5436009227835825
0.3627385586672021,9.320065513828894,2.6472574780438265
0.5572199520507987,6.8575287597588215,3.1746097679670413
1.1049585255562047,-1.447763007075281,0.29353214591913
0.8855390347658446,-0.4700608347469881,1.430273109160197
0.019147915031445653,9.012529226720005,3.11437951160255
0.841672634907572,0.08483500683649936,2.0433877396135642
1.1169948160874599,-1.350647484281808,0.7892107571469751
0.6045937543183875,5.943667914687694,2.952656014283207
0.3311861281985588,9.69966038574131,2.7994894443757516
1.0376981662084956,-1.4508479464714696,0.6987911450027866
1.006714162422317,-1.6112263155104927,0.938559055783287
0.2585397561067241,9.958519359768559,3.82827901815034
0.641057022484114,5.286480852997698,2.2404977883212496
1.1251721914931148,-1.3070989657476275,-0.6472696299515519
0.7964114667772935,0.8807773929991924,1.2391814277823698
0.06072364032086909,8.757446873641527,3.9013766940438757
0.905675398588367,-0.6483684247338601,0.5698495594017459
1.1020866683776496,-1.3908408874294196,-1.2823613830514091
0.5263590392160771,8.147897409463866,2.100978056005971
0.40844895485904636,9.198053425259843,2.962250455088906
1.0546613326972647,-1.3373652206950055,-1.281751527582486
0.9613516108769466,-1.1500613565868036,-0.7550913825965608
0.18713782216695424,9.81332705835382,3.5007294208015765
0.7264220923389343,2.9622874029220725,0.9728824986607378
1.0898186381077015,-1.3877952989755897,-2.252434055030392
0.7314698050691305,2.6971882246408256,0.8808542965201411
0.2063122231926754,9.09016547453723,3.6588075677711913
0.967789785419368,-1.4501326336217062,-0.9352424191044406
1.0767282737887498,-1.6576546413940605,-2.1735816527911425
0.41468989681435375,9.113515508983255,2.491181739493328
0.5076887443800874,8.058485796459337,2.9743575706384036
1.1056986337695023,-1.3285869689349283,-1.3812229041830903
0.9202521019393951,-1.029616107010071,0.0660509337819235
0.09228747188761852,9.701803716104621,2.9681553087465886
0.7919937915757937,1.036470244534513,1.7834973078085454
1.1233532459669129,-1.3735726785137956,-0.5384468697376121
0.6550949202966431,4.915720550926238,2.403916131381976
0.2611029113482708,9.225195712439842,2.8134012815368123
1.0136385466876203,-1.698818372942668,0.65787534887329
1.0429274204659316,-1.684678236308713,0.8942738174180818
0.3340391028470691,9.745003484075,3.791124567782873
0.6180967593285163,5.7501963948215575,2.33128642977087
1.1121233021350672,-1.299764621898106,0.2635970248085471
0.8491164567354956,0.0058133353519167486,1.6603005014214318
0.02291196015151266,6.3787097542597735,4.036917615099156
0.8707981374539262,-0.3326987770504104,1.6020437236113025
1.098335354019041,-1.682676711910176,0.05211045665274128
0.5830436670303732,6.439984214365637,2.1983996552764893
0.36110132862108496,9.047460311900437,3.5412242878280438
1.0488132975159092,-1.7227422553672795,0.19920578177942616
0.9920819942406843,-1.638162394414337,0.026568173653203075
0.23897780419907544,9.700065837887735,2.983387858833737
0.6886608264108821,3.795646188823355,1.824295821736257
1.1244198800758045,-1.1528295186149364,-1.3874025297591572
0.7631633000181277,1.7639942222470495,1.211864541698219
0.1228550273706447,9.192437717485745,3.7127363967369718
0.9337721397326098,-1.227569770041498,-0.5097487289047251
1.0927236719440339,-1.5435823362075212,-2.222283701224029
0.4894380396814114,8.372901197117187,2.34396630411527
0.45248774120024926,8.576022899930422,2.86684146874083
1.086053382488271,-1.3383145693565268,-2.1969449748394823
0.9417843982561234,-1.0161691439841434,-0.9327578375608425
0.14179490499608202,9.45663152948893,3.07400309182691
0.7620943229351533,2.349555551408656,1.2402052806169763
1.1317793409556118,-0.6485159371588622,-2.364023744586774
0.7081061821698538,3.816550590755071,1.1500484406803082
0.20539636897806623,9.542753038843614,2.934656849941746
0.9834420524443193,-1.5868133149471078,-0.12090843553644959
1.0511029004798813,-1.698345586665937,-0.5837998890701499
0.3774911334039248,9.13006978505689,3.396912253404139
0.5455171244510537,7.4917509967147,2.193082027207879
1.0903794370835251,-1.4153520178826682,-0.40651936467332916
0.8810747411518833,-0.4790738925362348,1.1836293757910425
0.05265085891452337,10.398903993006712,3.962858091486538
0.8079839832307943,0.8503424602547511,1.72500416979301
1.1228276461978144,-1.1993243056271012,-0.06189155287026438
0.6234606762963268,5.831829005149473,2.236588136844631
0.2999827605309394,9.661460640677575,3.946490201414349
1.0081202188760585,-1.5275519837119305,1.244680292061247
0.994951775617905,-1.635692031242229,0.9619809957178234
0.29157848555631416,9.777937080884044,2.816678405149986
0.636465156063286,5.451272925525046,2.823239265049722
1.1165501653820467,-1.0722466829816995,0.3070743147454209
0.8244997490968379,0.5102516819013942,1.6756038266393887
0.06468116264098665,6.009470796416451,2.9324575569103786
0.9017535214294857,-0.9527545952075513,0.7972469859224987
1.097484808027537,-1.5228902740830677,-0.6036115388540679
0.5307260805090444,7.702547065337768,2.7195924967748226
0.4109083270537041,9.067204009537932,2.756643806873001
1.0669477612275935,-1.5826671745638805,-1.2717932522526212
0.9600895528865012,-1.1255227108619579,-0.5394203580986812
0.1954058537560764,9.965570451128372,3.4042168355884144
0.715703760608118,3.5640995754873472,1.3907534197280143
1.1359491617393458,-0.8781871907661696,-2.6827854306597203
0.743622354807389,2.7682832358161136,0.6890286299822321
0.1540878149745039,9.327014268378917,3.217879082854921
0.962329335254107,-1.2052040400851922,-0.7651614947517373
1.073608168777101,-1.4352675256975829,-1.976651934764135
0.44847776476105106,8.925298798287344,2.7123248148350854
0.5073137732042813,8.130875513069611,2.1396655623999266
1.1048941658506104,-1.288956142182741,-2.0306224214882036
0.91112214706629,-0.93532600133247,-0.045082672164397763
0.09629796896425101,9.63891791844074,3.969617441005937
0.7799762659134638,1.4548776455469863,1.005140229499517
1.146336022390989,-1.0060551955365042,-1.514620882650945
0.6785540330735675,4.3627582086082555,1.7432559854926808
0.24236570628029339,9.880911360779095,3.991605109670843
0.9762905168812201,-1.1971174746352062,0.7164801152827636
1.0485162973685547,-1.4686533910603714,0.011293891183981941
0.3553134382502522,9.600531889054281,2.689052715067106
0.586830209180848,6.414247813487947,3.1834346547169616
1.114367201098819,-1.414995825477689,0.7210026607512532
0.875936242455804,-0.41823064973971213,1.6857141864056189
0.008886935981666316,21.3027325057987,4.093451695300132
0.8456045982127477,0.2583328746948155,1.9513389954760783
1.112495865993624,-1.0578031171480404,0.6675035984683291
0.5691250477930592,7.13980814380335,3.0312497379123897
0.3464536287595083,9.32502864290936,2.8570353643644353
1.0344947635445456,-1.4590436983426684,0.33489228871198407
0.9871572452938642,-1.3745256481795138,0.5633283727211165
0.27201367291527,9.704764915580768,3.633034105752273
0.6723009582712357,4.246661721578789,1.9612991084485714
1.1138700086115239,-1.309183786863997,-1.172874538273419
0.8039884912380296,0.7488927051957717,0.808175604604429
0.11392739809859583,8.968822663319685,3.669894669378891
0.9246718176788357,-1.0092599851851674,0.14508845742940935
1.0808984334524343,-1.4737010438244056,-1.728507779570208
0.5224489402941978,7.907004452901475,2.128012063972932
0.4440041589994832,9.110463050950955,2.641591333060518
1.0600502178745221,-1.3488302923229298,-1.7787176395691233
0.9342936396080007,-1.29134217872695,-0.7133076660778954
0.15461281905794014,8.603418397046113,3.773582041817633
0.7178464570551084,2.8640563516160285,0.9760943832261262
1.1022192597392377,-1.4808860622915176,-2.459725676149219
0.7267804607242975,2.949379506767059,0.982008277638073
0.22781402279630517,9.240744418407644,3.6895708608134328
0.9812268446876952,-1.409007471827806,-0.5957833957710079
1.0410375781767733,-1.3796386000028917,-1.1151219846221352
0.40067154755192025,9.462944976213777,2.518397152944914
0.5409034168472154,7.744593554356015,3.0147703741317002
1.096212873373057,-1.010784466450616,-0.5370158580007569
0.8906002132324135,-0.4796034412938752,0.6194564167906833
0.05107398212310795,9.682577298164972,2.9299957730629274
0.8073201846917925,0.9091673892043843,1.9014346216911235
1.1176208674504229,-1.1010581475522372,0.42897472321593
0.6291038665829787,5.448310248702768,2.797100040604306
0.2750554397853533,9.768902639205123,2.8030993021727113
1.001814986416035,-1.4875143341957084,1.0416246792515835
1.032220455550782,-1.3715058098356678,1.0812619233368252
0.3161297213482006,9.623325537163112,3.821429531176193
0.5979008149969348,6.198478042679767,2.404285956607225
1.1033523451873608,-1.3864213572011295,0.11116692805504158
0.8373023853221042,0.12561798327215,1.4643538152542703
0.03803588386838253,8.699482002240956,3.961755553370466
0.9038256367013522,-0.9396714528411678,1.1032726731665434
1.106819251117084,-1.3546089218003772,-0.6021889661826947
0.5395824565257045,7.642520695608312,2.2201832947926334
0.39466132352946265,9.091935651728562,3.1963979089337897
1.0350209832729025,-1.6451311185146267,-0.32801446968483106
0.9903912628657976,-1.6626124841342005,-0.4465675707789387
0.22807684822989374,9.722124131386067,3.029088409863192
0.6819712131325926,3.8355975051387645,1.5178758846384142
1.1216786306432798,-1.1114817197014872,-2.213287437171431
0.7765108929097679,1.6321355555345178,0.7172494644483152
0.1487847015750588,9.15782538098324,3.53288497071253
0.9244420804119352,-0.9834406396566635,-0.6034425159686236
1.0837219805575773,-1.3858337467922297,-2.2582050596176657
0.46245689179289967,8.893888851638565,2.324880220512796
0.483653498249964,8.587308868975981,2.7998106859656673
1.0869838551146382,-1.220283895505446,-1.9849115803816346
0.9538771982322232,-1.2690616477132437,-0.9383528694337144
0.09527315201113795,9.725924470499109,3.150436970296539
0.762904229411453,1.966856499562283,1.413293207472634
1.1220335228049927,-1.2698099857896352,-1.4917527421663408
0.6801425394170361,4.232035812366689,1.860768244125154
0.23519106667445705,9.402596895888934,2.8503060249986163
0.9839268128119926,-1.1771333403112294,0.292542408295958
1.0742708300505872,-1.408239664171333,0.01774292197245586
0.35613888452110715,9.669159686278306,3.6026299835289137
0.5743086160918327,6.889814557729039,2.274179795578192
1.1141728148447816,-1.2749813174054054,-0.08885220342514799
0.8598997431363588,-0.342037377889028,1.5729658470397965
0.031240279606288487,7.349551644931353,3.6967139721201363
0.8516015223929821,-0.13785052277938803,1.7382015274701246
1.1134184488401295,-1.2928586504663429,0.2538619666155739
0.5997497383545914,6.292084535054158,2.3049386904547475
0.3211912900275037,9.401373165340317,3.822494032373811
1.0316153436184488,-1.3189014524753873,0.9740454748140337
1.021523279807953,-1.3518922045893476,0.5213820025746827
0.26929788854304004,9.778250361240993,2.9060614805503633
0.670842213181866,4.333278828697587,2.3502524295933824
1.113285145375852,-1.0755546024323053,-0.3050685563250113
0.7874452407499714,1.3038251739454552,1.4616884321776524
0.09342610336948058,8.476743528678611,3.1239427019466746
0.8983020268250703,-0.755749237267139,0.39981871440843975
1.1019940595690272,-1.3623554668310476,-1.5642139540615858
0.5208843755783081,8.0131415286547,2.4600201964231587
0.4345853072246209,9.3349063433283,2.8117481993427873
1.05590122410121,-1.160112858469546,-1.7090116955568249
0.9523381288255358,-0.8873670696469844,-0.9211395544814991
0.16635553702702877,9.925760710694476,3.4554738544402994
0.7464635525502005,2.6701357534991246,1.1170594816582309
1.0966102047919895,-0.9902764683104692,-2.283109324238694
0.7358632629798811,3.110068529899735,0.7886228320850819
0.16252270436161706,9.675875097245523,3.16320379471793
0.9483821936784037,-1.1669744595556324,-0.41232218565946255
1.0677521686766132,-1.5763712134767331,-1.572818972958686
0.43935840304967605,8.868101200038183,3.021117954955372
0.4855744888275494,8.40110434925137,2.2624820468916766
1.0794916006121937,-1.2569199563112647,-1.2706721241238483
0.8908351007969801,-0.5920524671929854,0.5492462240885345
0.09315328885494355,8.826354279131465,4.159895784166537
0.8017782732550781,0.9649289591711465,1.3423414394350743
1.1199339632959093,-1.380430037441272,-0.666312994811534
0.6399249309563579,5.140825157824452,1.990076993839324
0.28372067437726856,9.531463343900668,3.9886816706526815
1.0273519448205515,-1.7508223785875145,0.9229442059239261
1.0510525545081983,-1.8918853922728545,0.5021251222894421
0.3031052273195423,9.331397699074131,2.7565518527804045
0.5814479917421161,6.501328585320778,3.1815940232346804
1.118412484239886,-1.2156046222353893,0.7986102030777147
0.8381651143893113,0.1543540046951648,1.8588750974548702
0.04858605284061555,8.553973158848152,4.174959968149551
0.8798786538212351,-0.6822312808750723,1.5247575525152683
1.1025306964159673,-1.4466912447681182,0.2815316574646545
0.5555207791916135,7.054844168935546,2.88384303431269
0.37368054513631427,9.193507197165417,2.8540707385277244
1.0588071741494522,-1.6240755231760318,-0.5096586680090809
0.9728199384544771,-1.3719252485537652,0.009580328238911306
0.22157412449170868,9.182144418743889,3.642549221956216
0.6791777462818136,4.250394278363046,1.7575054314299905
1.1367531607976076,-0.9428542629329968,-2.1556865907805047
0.7598908959418931,2.240684723518541,0.7864447995078478
0.13414151812170044,8.932707141563128,3.44731011373608
0.9298959524623558,-0.8971058808289456,-0.3365748727964615
1.0943500457819355,-1.3761151114037204,-2.23950917925913
0.4444532491916843,8.972978298483156,2.5542917969203245
0.45029754162537633,8.970908214531391,2.40558493686882
1.0684247309704948,-1.3870641224376925,-2.058876501630664
0.9300285523855825,-0.9288874966348715,-0.6026183651754877
0.13676920102395645,9.89951651605486,3.7192112242373128
0.7523599272773301,2.2286097171337076,0.8352251952270535
1.1061182910946286,-1.3499665684843762,-2.2043329767505497
0.6829128162360771,4.014359710268764,1.4176121772115096
0.20852885316541084,8.888228829496342,3.9580271940988325
0.9672841836032288,-1.5469646631094633,0.07505851814991615
1.0581860117735362,-1.6903688294368067,-0.8257033136841017
0.39776131059521525,9.144841378763175,2.5483473435493806
0.5731015522571786,6.576971140689835,3.134831319451905
1.1125282736632338,-1.1176891492512482,0.1420850910010074
0.882527751192382,-0.4892051663150312,1.4018472503262274
0.035854497936986716,8.162572461453863,3.3687933521107425
0.8412352179344529,0.22268697152478012,2.01334983632691
1.1108413483142183,-1.4417895854635105,0.7923400539155523
0.6085408774855123,5.961906715116555,2.9660056800313725
0.32337990550708823,9.200037383224384,2.7936296120799966
1.0454570305158588,-1.5743800802195835,0.7197746041809978
1.0192866636923614,-1.6182344577465244,0.9599210856507909
0.2649371038233839,9.824854292439966,3.843578548782631
0.6401341017246749,5.098676952247843,2.224226060289226
1.1317705360786547,-1.1177483349421777,-0.4607268632449575
0.811934749349152,0.6924488545434428,1.3082260121811942
0.07428149172095959,8.471011095071788,3.9265150711008516
0.886967473878725,-0.6264342102699061,0.9468243137754371
1.1007374639216638,-1.34410399990864,-1.350382371374792
0.5104156192525093,7.935843848441976,2.2393441402766996
0.4068868901835746,9.003625106560065,2.9351051442794187
1.0720635660586453,-1.6569145391915185,-1.3629395577638377
0.953547116797835,-1.5126180160724232,-0.5779865415425718
0.18267245743155708,9.148393437261518,3.4629221875115377
0.706218468984493,3.158187563434552,1.167362939070557
1.1173741038320013,-1.4765936153151529,-2.5362740992535464
0.7612249728606924,2.001579095667296,0.6758673654058498
0.16362346299844677,9.016010967422574,3.7700439410916147
0.9629698525116579,-1.209650670480329,-0.9052348739512581
1.0491093910977873,-1.4831382449083037,-2.0343313435130312
0.4386206066201005,8.930418885110015,2.4055260917920123
0.5243483272368681,7.824190726260667,2.8565582438566253
1.0831952495839232,-1.2993020595215512,-1.2857156293918877
0.9142276364352686,-0.8786434024054586,-0.003053758806316864
0.08241495452995107,10.11835353557936,3.044368131152538
0.7959963591674329,1.1063942725793083,1.6837771640384744
1.1048661762064826,-1.3863258283878395,-0.4635735622197785
0.6674364131810907,4.244413975033126,2.315486085967592
0.25137198343565176,9.412702228557919,2.8134127446334105
0.9990331601210831,-1.5832221259626067,0.6710012029949155
1.0169572516256387,-1.4961678813035917,0.8947626630076968
0.329819729461607,9.55842793333045,3.7985248886705563
0.604075207976795,5.858242563873517,2.3147626916281183
1.1011042504528188,-1.4750446283360361,0.3130610326883527
0.8598526271746548,-0.4282361372251273,1.6573409133780217
0.017928043063699224,12.30529300365555,3.5734183259122005
0.8724643782330799,-0.33648950779169695,1.6548856475163802
1.1244425871153878,-1.1550474023747483,-0.0636510337869538
0.5715150677629508,6.803316736044337,2.278959234049495
0.3502327914628081,9.233120267173973,3.68340533798451
1.0529350115012157,-1.4532790945128227,0.33029326477560517
1.0061034324865858,-1.544963763474243,0.15774387276525204
0.24325459529393748,9.405464935299818,2.985716817432632
0.659278094083339,4.755446017447184,2.156915914704598
1.1200143139800933,-1.3513695909063586,-1.1941172455335334
0.7708931481965133,1.7387458453387978,1.136129353390288
0.13582404960665165,8.686946787262826,3.5258540761479367
0.9201600485426353,-0.8696226698025953,-0.2515437807555543
1.0908336997927623,-1.3490736707383348,-2.041554893758814
0.4747211894903447,8.571524854197605,2.467028435973816
0.47158540943013294,8.644723022114079,2.7130919545518566
1.0817305936503878,-1.3940435238480973,-2.149898663818618
0.9301317619768621,-1.3002505043494637,-0.7860754093157425
0.1738263231555398,9.989458730296974,3.191604684795209
0.7591911068776696,1.9899584515692652,1.221948282946414
1.1271172156951372,-1.126270737133126,-2.247039130108277
0.7086198958422052,3.391770050860231,1.322300665000995
0.2095812359647216,9.400330995255501,2.9898706864521216
0.9810288827183717,-1.4548661623005898,-0.21217606320698223
1.0547871465341723,-1.521309020309502,-0.6825267577654301
0.3977092861342983,9.126097518409551,3.2872752983679447
0.5382322646009672,7.551020042882868,2.1349356100953116
1.082610029431683,-1.4801313901000697,-0.4587954787506874
0.903931831300317,-0.8315465082371247,0.9674958679347583
0.03536885918622537,10.598388158659873,4.168817316739393
0.8053137010259138,0.8776663105111027,1.667206330379372
1.116710672004017,-1.1995191761607487,-0.07962622030333932
0.6330765254942585,5.55524347398071,2.194110975419818
0.3008635971814422,9.489468323472892,3.938130171220365
1.0184627354571714,-1.5476167055297196,1.1997420165541257
1.0237619294199634,-1.5610647864852467,0.7981877554250616
0.31633433566400593,9.654929227631555,2.7890720346195224
0.6394412288418521,5.0197815629471165,2.795303416387867
1.08577530106869,-1.4006673332914374,0.637556093646964
0.8255169520063035,0.4500102834264226,1.6394887261434405
0.05617825205606335,7.361617547962624,3.110262204409338
0.8939052482263773,-0.6110752288616368,0.9799306270274428
1.0950188756051655,-1.1773995634939922,-0.48926373700689396
0.5358816663468774,7.634643379905128,2.7034982609742713
0.4238876825993315,9.125304511183089,2.775204169406834
1.053782425075345,-1.462142547118333,-0.9786501459619217
0.9906431128786621,-1.5560419876135825,-0.7103399431616708
0.20449719810339004,9.706108385432458,3.4175065167545995
0.740138559736945,2.705184618850666,1.2385997297331812
1.1097758204675174,-1.1707627643290266,-2.2818740875755736
0.7269235276696944,2.980213580820248,0.876340209910353
0.14412468979263007,8.734677862793745,3.4221662651064833
0.9725237503444173,-1.334065931339893,-0.8480696613684984
1.099714148824865,-1.4613097348942006,-2.2826697950681023
0.4534790183079832,8.736214345886822,2.5794202685324024
0.49195910499611,8.081847400514704,2.209319678129617
1.1007030542652327,-1.2811804038685182,-2.02665902253338
0.917521566633645,-1.1466311691140447,-0.2527334932175904
0.1064291269518034,9.624370220665213,3.8421753492755215
0.754451484129711,2.2711583789783845,1.0437455432744969
1.1072619100093006,-1.1758140255693093,-1.5295994095729384
0.6681224338016001,4.65476090062333,1.734708495498353
0.2255932428206355,9.573488862630512,3.9992577370655056
1.002314015449055,-1.4127401560535588,0.5305000672807978
1.0578930641077071,-1.611466844651119,-0.09683420605006177
0.35619723255742797,9.424228129396738,2.6802034506694667
0.5766101797952835,6.949679783365724,3.212492294377995
1.1176794243197719,-1.1050950526575036,0.6612527950108813
0.8718081465073161,-0.30676592819847315,1.6370488987085423
0.022523407514251165,8.88572783102586,3.8580110627858915
0.8525342158689788,-0.01906539932312512,1.934363920857436
1.1195129158679562,-1.310123176200051,0.7023325367395898
0.6038546708583891,5.8853895656104385,2.9176603484192185
0.3460249500285615,9.121392812401837,2.8004317748404333
1.0279765557970455,-1.7322794387272324,0.4654275161971668
1.0206283700642467,-1.7044427722402418,0.43043590372795393
0.25588808800591517,9.50515527619342,3.7404342630998997
0.651683145354392,4.769144019959555,2.104155359145352
1.12871767250604,-1.2253807631119003,-1.1475524923716591
0.7856094723700175,1.176922452170885,0.9710106061666011
0.08290661443098574,8.414199667770845,3.724828976139065
0.9109448426632152,-1.084522336206561,0.2641960937863246
1.0976970277265228,-1.4761661008496958,-1.7956970972012698
0.5164642687626628,7.864983226615095,2.115811288825995
0.43348942105709437,8.74155769192106,2.6463101424851345
1.0778605904789555,-1.5619976819475028,-1.9060280425660494
0.9505429960491991,-1.459290982757949,-0.808996425155442
0.154449564733892,9.749618915780047,3.484730680924457
0.7458965763821229,2.01288187084711,0.7834714562330873
1.113193207432978,-1.4840884698679986,-2.5670024378833602
0.7255158298782928,2.769645365851545,0.9491481421283083
0.1874944269512032,9.168384851840585,3.826695093476303
0.9549552349757602,-1.25744221191772,-0.4297886965616726
1.0358007301148948,-1.3817654109065813,-1.321396881285665
0.3979488832491239,9.598333513212452,2.527186369723154
0.5225837599575593,7.9545960049819655,3.0440163177291595
1.102545171385216,-0.9850677805293628,-0.5997357074558636
0.8952336992552151,-0.47536270707655603,0.769907297238035
0.07880630419649517,10.931378358800714,2.97467257438322
0.7802346655923413,1.5168028832273137,1.8733970584160318
1.1131554881929457,-1.2398753443845294,0.29334171896110206
0.626655974908302,5.5533955855019315,2.734475356898315
0.30695690992745467,9.15947961456817,2.7562812128853125
1.0138582392331665,-1.5598977450770803,0.882346210009672
1.0186328482746212,-1.7248119855576078,1.1376236083734454
0.30764038383471326,9.725881687190622,3.838283749399693
0.5972901678101151,6.514522705273663,2.3876679786727664
1.114798186647714,-1.08591111093466,0.10775369057731154
0.8514391310512797,0.30399316109739516,1.532946224570452
0.024882096043823167,10.612514736324869,3.251235950113056
0.8685437490578621,-0.12990734641348922,1.4253570485949751
1.078392434053288,-1.1807467378153262,-0.19622717053505312
0.5508312425864146,7.68696001047897,2.220664679662775
0.3787472054041145,9.67707556383428,3.359639202598487
1.0354204937066311,-1.3557658313508512,-0.1292773771749296
0.9651207248133898,-1.3597298067781196,-0.07050588651509315
0.2087003198706996,10.000021663661613,3.1544576393967816
0.6895284408969777,4.134090705450575,1.5617053369212215
1.1238839963514229,-1.0393510201319884,-2.1124736829819426
0.7325839924307316,2.774274772075529,1.0666889748560777
0.13656871960489708,8.930650681441023,3.5549650670047868
0.940130545563828,-0.866625743206157,-0.7012936470307523
1.087948438046309,-1.1586753020763467,-2.4095294784233374
0.46224566269574857,8.891718044122797,2.3800980390981294
0.49488790417371215,8.426108327876705,2.7062236527184496
1.076204840408996,-1.2766709342909621,-1.9293192200263718
0.928598099173788,-0.9827012487344007,-0.6570404613366918
0.1166124684223264,9.53674265873164,3.1832890717729185
0.7853492988478027,1.3542392837627801,1.2620012018152238
1.1035380563096737,-1.4321304502596774,-1.4256153092309205
0.6797465706840334,3.9012381447898576,1.6904710660863316
0.21174132740430926,9.241067572607363,2.8740941481029836
0.9805269858558413,-1.5301823983886607,0.2631396228334495
1.043574119336983,-1.8095394174196144,0.05946807091311257
0.3730047410194884,9.438134771424416,3.542464332714218
0.5698079044840342,6.871593070482561,2.241332615612322
1.1174099477760178,-1.11796304571169,-0.1906647742844143
0.8619733814775103,-0.10857931433173462,1.457267036913663
0.035635984449399846,8.240621717922409,4.220813430100691
0.8425151967714035,-0.12923411540973007,1.7443947762489813
1.1161320466092408,-1.4598584938865713,0.16517537194047804
0.5890670808926199,6.627613876209125,2.3303849212005048
0.3369486148444805,9.28898303934443,3.831551625299767
1.0438754090519202,-1.7146071026293441,0.9439674847005506
1.0099385828367093,-1.6726441955663063,0.6644038214435852
0.2628886528690139,9.934918194990729,2.8878630604438342
0.6570583706033467,4.857179690389927,2.4755491464427166
1.1098248869764258,-1.0051069326597144,-0.11820645087306048
0.8171521853595245,0.8345818673323322,1.3171609263382038
0.08833100665014482,9.363209895006463,3.3017431199574503
0.9041881478113195,-0.7809373707457041,0.49161499577832046
1.0845771078644353,-1.221023547619268,-1.1500319644584067
0.5216625096395126,8.01886274805031,2.553365100954892
0.435747865953018,9.012237702057718,2.7916749653337263
1.0824628022693565,-1.3858856122287762,-1.9119315946801407
0.9399527330891613,-1.1187934434420015,-0.7466846139921586
0.18100948901478725,10.038532750496472,3.44441415514288
0.7450483955901942,2.336803249183532,1.1087423604859623
1.1069116617151937,-1.1996303097815826,-2.417621723422144
0.7481373940990788,2.4748395810146917,0.7000673062418343
0.17999465965050157,9.58897452927539,3.2417233243908186
0.9783690623407678,-1.4400573187163843,-0.8294504488484904
1.0799686537237556,-1.4190669861712308,-1.7164564096649713
0.40854864505394073,8.946430646204306,3.0022857745009617
0.5189144590094311,7.888011668859548,2.1367800802661634
1.1046263073288174,-1.312237416666619,-1.6610004143839774
0.9068538291313212,-1.0202613740381707,0.38826209358816755
0.0961544809074744,9.496481452431652,4.029915900127406
0.8037818414793051,0.7933220587675862,1.1534144228691332
1.1219042066115883,-1.211694337750373,-0.8460538789194345
0.6630111558837383,4.469672531465875,1.9759828768430623
0.2870713500546288,9.718837822854482,3.965882813078764
1.0010468656678324,-1.4701712633404327,0.9746225603940957
1.0550772048263113,-1.3586176328706472,0.4293836911807034
0.33304461457942985,9.909429361924595,2.723119347599976
0.5934648416865334,6.660358775185557,3.1205280192484395
1.132492300735505,-0.9427698711592427,0.7319969413252068
0.8558399523489336,0.20878373123906613,1.8000940230591311
0.025309078484658364,6.361143692483722,2.935007994026705
0.8652422755812982,-0.09842069389915764,1.713456005428725
1.1121859289607445,-1.1432799945860381,0.3330933100818072
0.5685177809545925,7.004327036367897,2.8181987375280357
0.37500306034870734,9.347836826918922,2.8276135096109556
1.0682129868599843,-1.5516595562137354,-0.3710696034024181
0.9984458515269614,-1.5810400263429187,-0.025224803218833358
0.24602283724814325,9.578111794345716,3.617310599597374
0.6495206169657991,4.7385500765108475,1.9313859609123654
1.1243528296811522,-1.3154399965855248,-1.7927999541452664
0.7755850650617929,1.4887646021343528,0.7139371570165736
0.13971049219390172,9.54045099328573,3.471726611278825
0.9380811273920278,-1.3142486376976876,-0.2806421129399155
1.0661427434160053,-1.5496924995784127,-1.8857265910612
0.4929091293573403,8.45731954056123,2.32609942720336
0.46731608130108304,8.69721274592763,2.427499580155768
1.0948336568234187,-1.0807579645247642,-2.2850289662590058
0.8981602335107823,-0.42728071774322984,-0.36680729642006327
0.13196390914876857,10.596164502165351,3.6211955137809184
0.7524099273587306,2.3318369536362695,0.8364864727339807
1.1284477913188031,-0.9949987297195833,-2.498470453682728
0.7094915332430425,3.3326349870414163,1.1911261617734112
0.21098003791600964,9.192343263809562,3.95212545355497
0.9686110127046057,-1.7199692564263955,-0.09817496521634439
1.0554401460252563,-1.8493133321652522,-0.8185009832879757
0.39009740732000636,9.139329756928106,2.5759846538823012
0.560300054182352,6.727900461944074,3.0426221688158535
1.0983857345977985,-1.5432612687754101,0.055784533068163
0.8749078233982049,-0.4048419353051713,1.369090095638228
0.041640561421447016,9.436497038237604,2.960612368233086
0.837676962824318,0.24711948834320197,1.9712375806035993
1.1118692214973387,-1.294745627282765,0.7187835581056845
0.6197007243177822,5.90670908402609,2.896226438420115
0.3155628685654739,9.963957508910141,2.809255197144523
1.0139518337476132,-1.4088459603489127,0.9512578028767962
1.01524554452086,-1.4331178413818577,1.030030761489769
0.280035243697127,10.006433995881338,3.8297235728189776
0.6257643441715909,5.655261641161417,2.292437068797767
1.1235236523376806,-1.120196861842885,-0.36369370358843867
0.8033831182178575,1.1332172799582452,1.4022101480061337
0.06471137462017253,9.417073732582821,3.5501299987872414
0.9004695157171521,-0.5518872262259151,0.8979809481640757
1.0841752838481662,-1.3308618212962529,-1.0798998855323418
0.5432717241035315,7.45906887659055,2.082125865113454
0.4099276466474948,9.50920617320304,3.018551520746712
1.0665917446015254,-1.4665869301191492,-1.1073698852609937
0.9770111123210399,-1.4457753710208863,-0.6746257570408147
0.19779938742199615,9.58144829747323,3.337920570371523
0.7198186037311559,3.005260620532084,1.0826396278284562
1.1221928667144623,-1.3209960851412461,-2.5611192093195143
0.7403196699752606,2.4280237283102792,0.8404209870233217
0.16200355642598302,8.877393605883128,3.8639053312682847
0.9577190428698343,-1.482084737052105,-0.9091855299789131
1.0564194397841185,-1.6716678811743577,-2.0551793711331356
0.4409049938799986,9.06197689247719,2.3946198699621277
0.5075143307714238,8.078945479552544,2.9402577155826464
1.0698310417469483,-1.5524953306982354,-1.3187583201684845
0.9016014608432026,-0.8362759800457695,0.02933945260011228
0.08288581711417274,9.259050466209032,3.1331171940539946
0.7889717083340583,1.3489247391433423,1.5585232957055268
1.1301436672870402,-1.043389402452192,-0.8621398868607173
0.6640967924139605,4.776985757229681,2.29125968081604
0.2693285091602112,9.665174914711486,2.7882123934147103
0.9966065439336819,-1.449728947653,0.6022430263024603
1.0360532413043735,-1.6735841757583216,0.7289659242189259
0.3420644042799333,9.472393557805248,3.7254066515233433
0.6028644472145795,6.003256210791108,2.2991846282697566
1.1202537342465382,-1.2909745097239522,0.22367475947490334
0.840920131670672,0.21225095724406629,1.6899180097114765
0.00835561440218499,9.717774401603805,4.249067623786175
0.8602763575290557,-0.20771566274174802,1.7356714672056341
1.0838995848753235,-1.3751189959929775,0.22282607759433404
0.5792701164656209,6.574516138707338,2.2625891674792626
0.3470367023874486,9.223549937313152,3.6854687885880537
1.0368871519153453,-1.9710661749497262,0.47774439302006044
0.9765970674726231,-1.7809522221457428,0.42604173701724335
0.25259274624397915,9.374868134545125,3.04914683616596
0.698536981079386,3.5903485941094004,1.8997212033434323
1.12614609498054,-1.2606702066395314,-1.0021485750793317
0.7875406260783748,1.28061082804453,1.0669161491206296
0.10614881865358747,8.70966313213728,3.3991440868099403
0.9290232493515455,-1.0500338857306701,-0.23944386070502333
1.068409304506304,-1.41446871630518,-1.6889722576532904
0.49986464821091703,8.316871906568082,2.448929529444939
0.4432628444647318,8.893137122971808,2.8555536099456447
1.0681733950976622,-1.3248550734706441,-1.981141934613646
0.9313282635044554,-1.1297032624197243,-0.900498090139962
0.174201231754925,8.952792371920907,3.153472984039155
0.7425945585914139,2.4471811764623794,1.2277309408551957
1.1340783287847307,-1.0054059139194464,-2.447830129981895
0.7198368348059935,3.028958605153548,1.05788768200145
0.21731708762740867,9.73761479738127,2.9445067183769993
0.9719867211256465,-1.3318410547459791,-0.25904917905506863
1.0376059297005675,-1.6329789742319178,-0.7965618833565316
0.4049490458101589,9.381407522705388,3.3391903091517463
0.5305211116919085,7.668968169701202,2.1566291086175795
1.1128270838436385,-1.1918620074617081,-0.9158611450903607
0.8903538216766836,-0.39662047513587595,0.9584318973339521
0.06163255283634396,9.693234188530056,4.127689773746965
0.8215481060702846,0.6257266914789739,1.5243138803489273
1.0958027077429584,-1.2699920036870367,0.02619279601162816
0.6295521596570364,5.631641467602407,2.200017763332994
0.3042811725108853,9.678070032852503,3.9324334033509274
1.009910320925377,-1.5853221127012205,1.209308818687333
1.017517477591319,-1.599730685566982,0.8126521636454811
0.31957711345641,9.61374751202348,2.758561221553009
0.6310604705922984,5.516902575200362,2.895774370324574
1.1253002406813997,-1.1343595892159328,0.5591850851406264
0.8332995461429508,0.3774225863525942,1.6957433194309033
0.07112003066169377,8.904196758398228,3.270674165572075
0.9015295415288677,-0.624790094512008,0.9009539800086657
1.0910563808907314,-1.2842228730046656,-0.30683376666354434
0.5432293826170409,7.791355717258455,2.7546710985033087
0.38386555485999885,9.772306288691482,2.8457870355521493
1.0513150741516752,-1.185968960215348,-0.9442901617179587
0.9824062856878446,-1.3294770072668314,-0.5380491929579705
0.22246729956637187,9.694818606556993,3.3254126310319805
0.6974268315100681,3.6656601901042336,1.5354044246350043
1.1059291352302736,-1.2182729803186874,-2.2377356965208435
0.7475996322664586,2.236095031394939,0.7184930429005192
0.14817143142859818,8.900430745187322,3.3846760181430398
0.9561439035046654,-0.9587073039177199,-0.6332776959982027
1.0824652661340362,-1.1789597049931615,-2.1335845083913227
0.46041143285872677,9.086800193502228,2.570240281623512
0.49429410647883115,8.321319334011235,2.1962131584063513
1.0740517427763656,-1.3709105345134276,-1.71840032546001
0.9236681215908304,-1.2135624616650205,-0.37129531538397487
0.09932980039333025,9.541860373659262,3.806880232148444
0.7769795909887113,1.4733435309722722,1.0105802797048398
1.1390154731076298,-1.2180804715504792,-1.8720171272588004
0.6661372978045343,4.402440352839932,1.6954319624512095
0.22434080192045525,9.127860937485849,3.985850254424804
0.9931079437485688,-1.8219488783495308,0.35682783597141565
1.0354288866683643,-2.095218552527683,-0.04480919246753956
0.35591790312737603,9.0338409880043,2.654749136212615
0.5631403803452261,6.832355793117614,3.239027959990892
1.1171588214999861,-1.5028865595188563,0.6069794293125312
0.8605692997024049,-0.4313134567469774,1.6309762139994746
0.017657817082519824,6.769198073029628,3.7557586987615252
0.865798973405488,-0.28740862708426107,1.882700834530425
1.1052952592112608,-1.4653881591425773,0.8203223858183435
0.6123054404700381,5.8934287497537525,2.904784025380792
0.345436854952813,9.521483287777329,2.79381960213027
1.0234943152551204,-1.5780307304047483,0.6097503560939117
1.03641208468976,-1.3440147819013646,0.5551227848808935
0.26624738825207866,9.58104039228266,3.7506299235813287
0.6602138502700445,4.6090502064422765,2.062167108067058
1.1394297888522145,-1.1442278697509778,-1.1349597108230682
0.7943488277908093,1.3051196342870242,1.0702437734170758
0.0767920879319685,9.934966811808096,3.4807610291789217
0.8931613193621252,-0.36139645669788933,0.41988204774875726
1.093495174533019,-1.15531350994803,-1.6955995152651155
0.4880503142363546,8.726306789993856,2.3025330036517175
0.42754673490347106,9.373566155611684,2.8164510572864856
1.051395026451053,-1.1817536971521179,-1.540050472204598
0.9564061713075344,-0.8958933607297013,-0.8538918515568525
0.16653305820800013,9.887934591818862,3.3372096340476958
0.7290937518288996,2.967635738148516,0.903477190668184
1.1467788434858557,-0.6831867105312313,-2.967780361119935
0.72698197770017,3.198595965606046,0.9215213802857534
0.18350482572343865,9.507431927468303,3.8526953408665463
0.9702791758466766,-1.2638929181115657,-0.7382811114400738
1.0705329750773873,-1.1987044339672934,-1.8162689487637351
0.42755071519339727,9.480937349699872,2.4396507894684873
0.5438615622203886,7.867031256561177,2.8878778636747597
1.094959416403051,-1.0910242021119814,-0.7929316823973807
0.8995529273967574,-0.5695567875461052,0.39637159194552396
0.07942193480653235,10.10372796259486,2.93887359452512
0.806764274126716,0.9032275909251553,1.760742955556168
1.1266821086943553,-1.0759295266230708,0.03867214209407166
0.6444082842605372,5.3779811887735605,2.7547402354127826
0.296365552449677,9.75395466984483,2.7625062642855482
1.0271636514013263,-1.4749508012259582,0.8639082172398673
1.02625638643471,-1.4785447698278062,1.0837372151180773
0.3357996418796891,9.404628988354972,3.77709024865311
0.6048801536978841,5.7214451631637075,2.3808350060146495
1.1188311543242284,-1.4052272031391055,0.12042855492470039
0.8171202806879517,0.4936842783016857,1.7045262929859462
0.035042711355124656,9.228418827400105,4.112846712758767
0.880148460774111,-0.643781404087207,1.4842669019307948
1.0830413264524539,-1.3766970701963146,-0.1409323204696875
0.5459394366898533,7.281827448468306,2.2748085081324234
0.39573378151102173,9.32279819002602,3.3526400090316884
1.0598513734965105,-1.4463022200081355,-0.3090731732673646
0.9919266851236712,-1.473043769294037,-0.2219425235134338
0.2116037992596706,9.529627706290029,3.103158374353626
0.7076500455928217,3.2373712292911137,1.5258985324406922
1.096299453934687,-1.5993646204755976,-1.6380314914585767
0.7478587629205258,2.041120400712032,1.0686620018077235
0.11851568330875852,8.83764698846062,3.6267966610325573
0.9210546959423118,-0.9954657307318655,-0.5194954458278858
1.0739379148754291,-1.460773298550066,-2.1064790133075917
0.46069559381673797,9.045673808135234,2.3983431796702916
0.4740479093768594,8.637875477842329,2.8161853951806393
1.0786873193208257,-1.4044687097311623,-2.032149602295931
0.9328320879910744,-1.1557426011722214,-0.8425283840827262
0.1283433887614344,9.63532904290608,3.154554396746846
0.7679086217035753,1.7711575402720712,1.3501779621875585
1.1355199073334037,-1.1776649133936417,-1.8550580736847166
0.6998895584378675,3.809780603494005,1.6264668413350023
0.25350353016882315,9.50745030492746,2.8758176704788525
0.9819186955378171,-1.191508812032538,0.10381080596431502
1.0364802010723897,-1.2681056664404196,0.020341383915138067
0.3894045249821987,9.263179563762947,3.449717815003737
0.5834270393853367,6.688468008557777,2.156262909686376
1.104039734676909,-1.377728572589234,-0.08498646408219201
0.8835080691524915,-0.6926856840975404,1.3879781623453482
0.014060824869699116,9.27907177588611,3.8193480106790503
0.8467210569425043,0.04870665232084548,1.7465944109115128
1.0758479378648205,-1.4641549632389683,0.35531900008086836
0.6154648647204591,5.870337184063089,2.2611424807075764
0.2987838163048919,9.508450698076132,3.9207340055278053
1.022696838970054,-1.5424921058956613,1.089924334596958
1.0093442737588283,-1.4513899837099018,0.7162282343534514
0.29295425112766166,9.815907683809343,2.8331315107882062
0.6471210898475667,5.05723926953965,2.5526612825362918
1.1009382806621144,-1.3756108509348337,-0.03637664442692312
0.8112081818460792,0.6216570649450261,1.427826738781846
0.07401796488914736,8.226518431406674,3.243925707507316
0.8864361493960292,-0.7652430770977219,0.617668725868441
1.096807296375607,-1.5190063390641058,-1.0184278048250235
0.5340006417062914,7.670224239773546,2.543305135922054
0.41540979579289095,9.411232901515092,2.8434086346760523
1.0639375071715156,-1.3942099561671455,-1.5320425947042509
0.9613338520892097,-1.4092147390159937,-0.9792347804811072
0.1722312927346063,9.675593327771196,3.3790619070187518
0.7112435949449798,3.163921073145474,1.3720046535665915
1.1258381992703375,-1.153275305980486,-2.6277619935044925
0.7318035666055569,2.7674139834046514,0.9399278136857845
0.1767660743482267,9.786073961487375,3.1064994767886276
0.9345410615408437,-1.2048964757899512,-0.39912487084760073
1.0903292732712206,-1.3166955167858703,-2.007466830819311
0.4237023668189015,9.01610704942945,2.9599075340948957
0.509186763013599,7.974013670673884,2.15177299981886
1.105294350294878,-1.0905717460752555,-1.6253760311816734
0.9373756126298508,-1.156152163849356,0.16460060711750657
0.06096153544112132,10.868851965551528,4.14693698320508
0.8109294861063246,0.5906707131051121,1.233073045276683
1.1183762088687728,-1.3008316366289705,-1.066059211005637
0.6684160841420841,4.432589554907793,1.8496343837068139
0.27385244472385906,9.640840211890122,3.9757320278909845
1.01396958312695,-1.4313846172395017,0.9232760520592365
1.0318334300103071,-1.4502864422589425,0.45105568764799386
0.34037990420408587,9.858197212402018,2.7058781372638805
0.6054894590943436,6.295250874217544,3.101780448529297
1.1161300238293999,-1.238469405761009,0.8008273297605513
0.8539715975746537,-0.05131834516086542,1.8159591710551695
0.020521786908583046,11.690407286686167,4.143865579826922
0.8657614710171264,-0.41157765528180335,1.7550373794900622
1.1130807771616453,-1.2807516564855348,0.39836389135712125
0.5650249978093149,7.144365362295588,2.9767425330342405
0.3619439731742438,9.618488229887987,2.845784449734282
1.039879192007601,-1.6843547140844919,-0.043732803938496545
0.9778520846637846,-1.4060890405214934,0.311994527588098
0.2319651843994753,10.085299623795464,3.685363737566149
0.6740873603526888,4.41180989736128,1.8637047737714738
1.1160885555542404,-1.1052559587731423,-1.5882319568245862
0.7932634991836247,1.23885488453854,0.5984294455082306
0.11156870372300609,8.542848267151783,3.500534815474282
0.929067171424506,-0.9069348244419189,-0.24623088673408233
1.0819229359052573,-1.2311290353897277,-2.0114524897123545
0.4824843254848486,8.565444950645286,2.2852911830778737
0.47142125903175436,8.660294332900179,2.353424366091133
1.080581126053958,-1.3764770138253652,-2.0688860395912343
0.9322074508398288,-1.090932894612905,-0.6669148292554326
0.12028403127348382,9.369269214268144,3.916143981492013
0.7592820240981683,1.9772279551726797,0.7647206891087137
1.1340990575897505,-1.2729109399211893,-2.4026213974021005
0.7028396126703292,3.356578193125017,1.192011941536549
0.22841027510355155,9.726925994048486,3.779641279087599
0.9556412991648147,-1.382998835627319,0.029375379922868206
1.0544759802412218,-1.4704499146497199,-1.1366511951652285
0.3867488981522027,9.40685393655042,2.5679244045045095
0.53207688127565,7.715673953679868,3.1227437597467826
1.1150502994079454,-1.252283087112943,-0.17488163666519085
0.8718235443560455,-0.2865934710127931,1.298788663337234
0.03381378522496715,9.696446197676892,3.1386443041645578
0.8289143436638491,0.18143617158364123,1.9833124840350251
1.1244439936091657,-1.4613434636864895,0.6716703938425326
0.61614979195589,5.807837403700205,2.9196147448047043
0.2921628981681796,9.240760003943194,2.808592306817502
1.023452393489636,-1.8200359618720086,0.8688603998799351
1.0221233759424995,-1.7186685878128003,1.0525010857183759
0.3053558501452644,9.68037726839475,3.797511121283236
0.6310424010708072,5.458859088895991,2.2920767729004297
1.1216296774090087,-1.0702640457446364,-0.16816935595755922
0.8268447869960872,0.8198334394440678,1.3060273481592333
0.06591518043845902,9.791658460918029,3.582617516375194
0.9004510626618817,-0.3869815313629772,0.9902702755434234
1.0888552056465528,-1.1295058190082443,-0.8634932022339967
0.5463916253464651,7.6498982909646145,2.115423972455801
0.4145895030558069,9.291212249364207,3.097847591555677
1.05206953240634,-1.399798722836863,-0.9356245389439266
0.9673428308879745,-1.4147578168222026,-0.528145581567145
0.18620562801341728,9.740533967039653,3.2975317872998176
0.7168756784538041,3.1333023417709285,1.2180311131058374
1.1249367432219262,-1.148707746014935,-2.4750099739977145
0.7372713808264942,2.688573402750052,0.8938472255498198
0.14851630443811698,9.980617271152738,3.6479879008720104
0.9550427753449292,-1.3872523106937535,-0.9014974749705118
1.0801013069679337,-1.6622542554223116,-2.3305195461618666
0.4781727906309859,8.653532023610637,2.265197787372813
0.4881794348022077,8.149682047969463,2.803395873523101
1.080608657749254,-1.6673305831007497,-1.6823526607076644
0.9478693330884431,-1.4958002632550915,-0.5379089400045416
0.08708440731553763,9.707097227507461,3.0672185827438625
0.7691554031490107,1.6185359988970731,1.6895541717419746
1.1269332121228643,-1.2003071208875156,-1.0349372219139923
0.680086421172946,4.048594138289104,2.0840259274540927
0.24594792101818444,9.3662110900365,2.8164379663896852
0.9987226112909395,-1.6868826809251232,0.4877428359359328
1.0185755294287493,-1.8724462504325174,0.6858505595374425
0.34030796069816666,9.371580144710293,3.7682750485581664
0.574783383228872,6.348952775644989,2.340952704570924
1.0940393603626695,-1.7230519544928313,0.3167873556834877
0.8632917088816262,-0.43990515121916474,1.6307063340935883
0.012453568325897937,9.005535127290926,3.226362805173693
0.8284935470556947,0.4325457769722618,1.837798115736831
1.1156119638548279,-1.266196774509723,0.09225752203624893
0.5898397168838428,6.559380569460302,2.255628788676944
0.3446871834760739,9.573989321500278,3.6708736192896367
1.0218761204231797,-1.3885809364317083,0.7406393291941527
0.9955058273456246,-1.4668743024469109,0.4419790183885084
0.24566991835364757,9.787668195228036,2.897268348796217
0.6675671692336853,4.561644965087936,2.180344376211906
1.114351908884096,-1.102147264482312,-0.7988657232379524
0.7740708187919801,1.827417345801365,1.2744853615638476
0.07932851605630684,9.150864702839101,3.6917975171568003
0.9109503294336118,-0.7780605315055595,-0.03443447100997332
1.0915764997730484,-1.1559428883496707,-1.8945665904558382
0.5009464977885812,8.450859448466758,2.400284338848593
0.4294034288163312,9.17533508850451,2.8779855401521104
1.0829694376294103,-1.1878874534220927,-2.0926532977649686
0.9511033602700867,-1.1372754914946483,-1.0317573530386426
0.14858813267972962,9.700573648878645,3.3704413048357083
0.729368587929945,2.76939707408647,1.3923535020450686
1.1287939806109024,-0.9005556081255293,-2.484880480267634
0.7051285749834275,3.585475074413324,1.1655851678416695
0.18661333151103948,9.099879041763216,2.987067600628791
0.9703185635475553,-1.2383083791065985,-0.3176487789337159
1.0536643740988332,-1.495515270894714,-0.9422677899983398
0.3918240613657396,9.560502496169931,3.3134186536496486
0.5113104625229093,8.152928803855389,2.2132051910277823
1.0927355732906248,-1.3331872193754748,-0.861982891033449
0.8775069712312855,-0.323346911406162,0.9698770345646324
0.07286666983107125,8.886566256873465,4.164102558552713
0.814255980439946,0.8278347261619672,1.5337771071643544
1.1098751708131103,-1.1469616007923946,-0.3958804489087413
0.6475040634892766,5.129940439082674,2.1727655511827493
0.30049662678426203,9.443332412328829,3.9547675828384854
1.0174268328771845,-1.559327378985472,1.2029931613046188
1.0285091696915902,-1.6035039683743548,0.79580960813621
0.3159512862119254,9.646874035133067,2.7858723663645435
0.6313691441140297,5.44537733608604,2.937956249005822
1.1097859433637722,-1.1427365719344493,0.6689557340080228
0.8405464698027223,0.1514801607631,1.6774418320585198
0.04271856807656244,6.907583433807616,3.059255081699092
0.8763497296898424,-0.47105899429070064,1.314336033082668
1.1049042929077975,-1.293050510656201,-0.19074455715920635
0.5515750992671568,7.423521232169691,2.7620619492909384
0.4032880412854999,9.257654946126934,2.831957682519459
1.0386605903386443,-1.4713258432743146,-0.6359342203815288
0.976314629597855,-1.5652590244961004,-0.41299201313071876
0.2443436095979246,9.646363155781955,3.505641029783419
0.6972761902409909,3.6159161133414557,1.602992465406885
1.118563309793592,-1.1693008313370683,-2.2867612472615804
0.7677541520554559,1.692755852257136,0.5850441308863878
0.1605744543566071,9.172220658517347,3.3840079437590873
0.9407446188834826,-1.049662140627106,-0.5051390949950871
1.065233338025774,-1.1786619155693643,-1.975645272021552
0.49084109611830096,8.621222575854148,2.310905610526248
0.49317239350341213,8.536199501908754,2.209297667643085
1.0711190711338878,-1.162089371034483,-1.8158398033945105
0.9244444947008247,-0.8703746332142828,-0.4237907070198901
0.11143062756226675,10.064019977765383,3.6997159195614984
0.7852177234836952,1.4703222791211203,0.8392698434500119
1.123174235471914,-1.1026332636053269,-1.8242858714025374
0.6745487663456134,4.352560998463474,1.6021704758767612
0.23661377805201386,9.795977425613046,3.9516107861083185
0.9929404194487835,-1.4017713029428762,0.23426448518392817
1.041138147478297,-1.5638232223805915,-0.42400860819881814
0.3580691709135807,9.746778473739482,2.657535959709378
0.5807771445956694,6.769583979791776,3.163604372192168
1.110740903505909,-1.160992753785905,0.5358437134612473
0.8598257632945077,-0.19589517824528002,1.6428580247888078
0.02749396897586557,12.220942326063152,2.94508385876091
0.8338093953887517,-0.030582663015707112,2.0566814867033827
1.1141820904994824,-1.4721146603119735,0.7704527319013721
0.5919397428861611,5.996732176429106,3.011705082806941
0.340062108362727,9.127413319291435,2.7994475968876884
1.0487448881604367,-1.6383261643012474,0.5110081127961053
1.0223434669132383,-1.725438232168159,0.7208998211222024
0.2754222481948972,9.5660356574339,3.7393473372814867
0.6481740675761115,5.2365068931938765,2.12011046896626
1.1108967096484788,-1.2265723782570888,-0.7959266998047099
0.8054417301371174,0.9245253251527288,1.0452446817513987
0.07771580920311878,9.046220730401842,3.8881482081489764
0.9037057726777566,-1.0647578323918196,0.4611189099623232
1.10857303772769,-1.3788756072677018,-1.6179661176203695
0.5027297914156144,8.025459209789233,2.203593659366959
0.40213823672108745,8.882998560587055,2.905977451500007
1.0637809038339323,-1.6172926876060956,-1.5692378792251418
0.9492237719946989,-1.5759075842794061,-0.72402832396034
0.19332228841110755,9.434571570078646,3.3051771047117313
0.7427663993601986,2.2284687348717966,0.8248085327607839
1.1281827056544327,-1.3411477479059783,-2.875822919951986
0.7440861604016532,2.2986665947228744,0.8057745684728559
0.18153438447319228,9.442601290613055,3.643731793467623
0.9568240137758143,-1.2083515625037364,-0.7074075581869579
1.0614781998074116,-1.3902441414908822,-1.7564786998054558
0.4445612270438877,8.882559294027004,2.391433668185641
0.5311841296865669,7.70562568322589,2.859261246127204
1.0918562945418255,-1.5358422821472288,-1.1087658210831535
0.9137306951207016,-0.893943963931747,0.3231123036732413
0.08709101650193395,8.984163358343437,3.0021748324316775
0.7963479991348351,1.243902714263669,1.7994451290975917
1.1161736653131806,-0.872566683913135,-0.02599723735357884
0.651750174657443,5.506913049360406,2.517032923711298
0.25269916924267455,9.564782532446685,2.8066080488320324
1.008547051242638,-1.0869643782437208,0.9218384797369765
1.0169756603808158,-1.2261594843521664,1.083426379021347
0.33032702749780574,9.88098441089383,3.7967757815280834
0.601210395297686,6.467753882789509,2.362947884931714
1.11660622044444,-0.9031603679956675,0.1713614624323725
0.8553408751257363,0.12660831034312992,1.5823723658513984
0.029589751934857193,9.578297293711898,4.1406821622966845
0.876258987445213,-0.5519754442848921,1.4869572726278477
1.0965218685538844,-1.298296531099652,-0.19324729707952315
0.561616778291863,7.078968639132711,2.1988903529211825
0.35652621290472636,9.19067808522425,3.4976030443504555
1.0614955122994527,-1.499672316621627,-0.1325257704109788
0.9897804124788696,-1.560296012371225,-0.1101536874872977
0.25563209219181104,9.806094848706238,3.0645436969244315
0.684857064512651,4.145120040125164,1.7910401056469993
1.1322778631597705,-1.3039896391371144,-1.7330634954753066
0.7804286344824415,1.2863521173424033,0.9069967148961666
0.11954006114327251,9.411474730432218,3.502682324188868
0.9442962945446246,-1.2707345349180912,-0.6212082343125758
