i,q
26.195267747926184,-2.67444042026084
0.3898166719720201,-17.536206527076388
3.954121607328536,0.6515076914472228
1.424494373077212,-22.277741840734414
-24.39972114206604,-2.4372986017302787
-2.232356576133596,9.756696272434883
-11.393477461934364,-2.7927159828676773
-5.605942281721538,24.184968989496905
20.317473531273,5.4769429676864
0.3276638202812104,-2.1631228279670007
16.789425345258092,7.115154934759634
10.399837163780552,-23.05743484280866
-13.59747198940927,-7.812814808475757
3.1914741244506994,-4.980974963858394
-18.784474401257956,-13.376522576262786
-13.38838678487034,19.48353842452174
5.9287023608766924,4.683576902463515
-9.539960395638474,9.938222322570615
18.317027868043837,17.4459081586279
13.856470256199785,-13.591236626723012
0.1764475522966518,0.0644743206612343
16.165346610317368,-12.14102819260996
-15.639298231917184,-20.61694415511614
-11.636669201820231,7.334362311496612
-3.7874285818585274,-7.268994203068989
-21.28969747323205,11.784301669734054
10.254868461354018,21.107663430488557
4.944832867958758,-1.7448607253889454
5.434791661487673,14.781844463997368
24.858704068282503,-8.926922538491418
-4.762036051485191,-17.603630118590463
2.9092103329640917,-0.2968518928661454
-4.16016588065768,-21.277182078351817
-24.88494081947809,4.403136604483061
0.9036135606187076,10.706227157181656
-11.116319507854344,0.0058237493809641
1.330594305572704,24.98194865329352
22.252456475523136,0.3123044645613651
0.4373018342340671,-3.6493222490783257
17.217388520603897,2.0618363073742523
2.6674615209614694,-25.00968731726418
-15.961144588709354,-3.421071252673097
1.3027979571855797,-4.77571226495455
-20.88060618213384,-6.577806392249983
-7.209100316777781,22.26805006844729
8.671094680712592,3.816496405118325
-5.3895500913304,11.26446244312856
21.73036337355723,10.559848582715397
10.017242088453598,-17.206046089448535
-0.9673602165096226,-0.6550763200771144
11.34662401391245,-15.557308944603214
-20.08401979963468,-15.617826305241463
-9.497394198815012,10.66901029261805
-5.194722296523198,-4.858266008940841
-16.27367472055115,16.389154744365985
15.563612817016208,17.830823618713623
5.5907858676533,-4.185371148074081
8.624629079924407,12.0915677937853
21.16463085345444,-15.099073216263848
-10.346947339072765,-16.484511185219933
1.435340160040647,-0.3300930269587269
-9.27362784972777,-18.559889788868382
-23.36201001445136,11.646140275903743
4.196738065546746,11.237685099706006
-9.662489849369702,2.6094792087942715
8.027010003995064,23.775216418620328
22.22934094608477,-6.152434516595317
-1.3153466789518984,-4.350012139559461
16.17290776024397,-2.6229501939445234
-4.237574172888273,-25.840897896523675
-17.456215740929633,0.6081485100415251
-0.0935242176621699,-3.1291953474263288
-21.971266608709573,1.057480586373809
-0.1458143781650464,24.419433272835136
10.714178083677409,1.4995663056217003
-1.7517923587459712,11.452210774322191
24.09882863244633,3.967535769920032
4.67608708750105,-20.68768065223431
-2.572160349584756,-0.4237089263095009
5.830890071133935,-17.112644248285054
-23.629145723895856,-8.5708974390144
-6.8643062628827085,13.97642183716903
-5.003073748099445,-3.049135272787886
-10.942303219534471,19.250169676282077
19.905638801708903,12.2395272131727
4.861084527887073,-6.234997036553319
10.303876021030549,8.45835527064463
15.64786365786236,-19.67724082266486
-14.116629247604584,-13.601656963754335
-0.2116257497888716,-0.20964743974154
-13.413059996098818,-14.486327298901449
-19.09880978049709,16.940907555695773
8.33941970343265,11.11452147935692
-7.15606410371578,4.183520509287562
13.147484289998518,20.154636045569703
20.18035684728956,-11.87275092679801
-2.5714056125324256,-5.729943937801308
14.329264120611844,-6.140623900255596
-10.853070422701547,-23.866400153836764
-17.508105446736778,6.30995555489773
-0.3917976989663954,-2.0381431909303416
-20.63655510175513,5.462773645353286
6.1645961911403,24.75604859749081
11.447075080403998,-1.7639135215440505
0.9582114223311264,10.097382368428033
24.825904728732844,-3.2779499767118248
-1.8522168093456663,-21.993831561741946
-3.921801308818955,0.3747039061412022
1.1910778883179736,-16.910374852817895
-25.624256699205983,-1.0123595105524694
-2.524351748285073,15.967984506431833
-4.820659073557046,-1.2624248961736622
-4.562519281782706,21.543755661252884
22.85483431346948,5.790240045673485
3.5687174346293498,-9.076343566913629
11.003321906303082,4.891067483802812
8.189050468212328,-22.973439231261285
-18.409156621991425,-8.615774708704269
-0.8329368721317038,1.0355649476876403
-15.6519704782647,-10.0373476442561
-13.354571324661269,20.978972618955464
11.871123085826444,8.620630106356188
-4.589118575615952,4.9502734772398105
17.260377881434263,15.372610815167238
15.564309648818035,-16.95990399841394
-5.027178654688293,-5.604011249703301
10.96752631084593,-8.884302249247751
-16.71149254945395,-20.37414008583545
-15.702360088519404,11.22396744447773
-0.6634124918922014,-1.2197712427070209
-17.590448005699272,10.231066698549498
13.026824029942382,22.722993337265287
11.85357027977202,-5.514414767123312
3.536148224190073,7.888846115564898
23.14036294070885,-9.597065629827794
-7.822770086362144,-22.36516126407148
-4.642511524153515,0.9884956764830236
-3.3774378804217857,-15.700731722204916
-25.755736839488865,6.746472823361903
2.5446704085718217,17.688743938646073
-3.2704233080572087,-0.1483457037232812
1.6876030401859703,21.61396631387857
24.282228951274803,-1.812988132770201
0.2955728328994942,-10.923916693620962
10.933589311306717,1.2097187319340172
1.1879724539780676,-25.249368734620692
-20.723500251398526,-3.135941633949421
-0.4823683688209386,2.554021001326844
-17.244782777567668,-4.487289757665788
-5.843415330663194,25.089056527333643
14.87125303549331,5.580473092120136
-2.2322957493134234,5.189451139249263
20.18470310363181,9.40897715933314
10.683403281920382,-21.71105100804846
-7.747331039256523,-4.478616794319021
7.355190898957571,-11.058416966398523
-20.38351046315757,-14.290054466275448
-11.913897675455688,15.934592407430666
0.1920023263389778,0.4175114645396764
-13.572939315373542,14.2866207012176
18.567360420583444,18.12883466635361
11.331384180580509,-9.03797147501681
4.942085830824652,5.432364586866622
19.084897410574285,-14.701916577597771
-12.986198372884587,-18.922141626055108
-5.593288224733284,3.505258282782049
-7.664672151941393,-13.633716344605103
-23.247701536526968,12.9713793940207
8.056100824188928,17.17804368971763
-1.6625359498405146,0.5563993861202506
6.715119373292002,20.04183789112148
24.58031292771468,-8.74177063727481
-2.5934703639414307,-11.582589857262471
9.957707981188138,-1.9562293351972744
-4.941282704611024,-23.74370986768433
-22.01892838751536,3.3228879432216347
0.0621872843796642,4.141216638614484
-16.892436098968563,0.4832656078408415
2.0736450969530758,26.579601146050678
17.324367952996045,1.0218187589390066
-0.3677959938040245,3.598905374234038
21.94978433208893,2.479103096171849
4.113892822315331,-24.007148500142023
-9.2122761404487,-2.664289066567989
3.6405664226617,-11.226131201724057
-23.41107942907768,-7.042751101339495
-6.708793543473875,19.08735909428079
1.4427498176955451,1.0159831645805404
-8.450689385607483,16.63958244780038
22.190979397917115,12.012945333054448
8.13581663420173,-12.109750651004015
5.315785958848579,4.044889478145004
13.768335463685933,-18.833431843745966
-18.21267348457508,-14.796914622150808
-5.7892591101960456,5.3835949561859024
-10.06623693805876,-10.016555667799418
-18.50323894797893,17.476982902073146
12.873551335163263,14.71355722476318
-0.2316845385202019,-0.0136394686557643
12.168144312986191,16.338353547697704
21.588309672117557,-14.245542555317185
-6.446114035860238,-11.496674928022628
8.231224231316732,-3.967363621824738
-10.843896393967924,-22.24522881946132
-20.908638578939176,9.678232976376266
0.8735962473444592,5.319989954344336
-14.83241022280499,4.193775031675915
8.257666093748654,25.284164529515326
17.657095957471064,-3.9701641050036094
0.8748980339865535,2.763344099814422
21.82074039035132,-3.076280172429244
-3.797326270827477,-24.57444460517868
-11.213649095470876,0.4781791273329867
0.5689571003564345,-11.118058737642087
-24.79116985255657,-0.4080279062741966
-1.3869911701020567,21.10572477166944
3.7038743165301984,0.6124089194382021
-3.0359404966741854,17.047966708650286
24.86131386931933,3.969300996539885
4.107971383995861,-15.094894602693577
4.942253260046852,2.089474837302523
7.047568179526331,-21.091503902314
-22.011171082454915,-9.237126451653246
-3.742785783306467,8.227772641446746
-10.89372759379897,-6.286050761015355
-12.107736415419122,22.09339668048285
16.54179094275813,11.297826255340832
0.1669672950412372,-0.5190937775315129
15.296980997127804,12.02257058463846
16.111961121415032,-19.36812573179486
-10.337487694402638,-10.357817053067262
5.913550913926337,-5.281307908607085
-15.943759884940642,-18.021565619912124
-18.282302246723862,14.69695587203092
3.405084857310541,5.516760952199959
-12.453463887690862,8.106946489048774
13.857153517012556,21.642116687727377
17.050499813918172,-9.397524590601224
0.2017309002529374,1.2228423938624502
19.291793041326653,-8.590367326712952
-10.319754339670032,-23.98517431371505
-11.588652213379914,3.5165680383938835
-2.3053785047198083,-9.31262223419538
-24.00828452055795,6.95951270171938
4.986784974328744,22.29427443148787
4.783908489558057,-0.5869575775270746
1.7713586125774334,16.75998000653033
25.949745067504875,-3.4232834827690457
-0.50624075232876,-16.910327556771797
4.146342785417756,0.1792580644217923
0.983203721960391,-22.22203173031133
-24.43892127958221,-1.5908819290863216
-1.6969533806705162,9.776478530175195
-12.124891507658315,-2.7959263172367064
-5.019198553679075,24.20602697073193
20.10995400138276,6.476868170024301
0.9716685634592048,-2.165416289541772
16.97510970173011,6.863690522833282
9.456566960909942,-22.93535178275521
-13.48033644215595,-7.1221991001654406
2.9515533250550776,-5.139029631841008
-19.621810673184022,-11.599828489924114
-13.165400478827834,19.436365040576653
6.511609706364353,5.161261793813781
-9.120541951806173,10.137572389877487
19.111039200014247,17.054235608175876
14.381705733626724,-13.594524764881683
0.1772015584658638,0.2267409021195449
15.512331306984926,-12.621273222821486
-15.795863441008883,-20.52530893171328
-11.663267454021131,7.129337414837876
-4.176107423819963,-6.626628556063326
-21.83514826055587,12.23367694700492
11.223703342821617,20.69916408901532
5.476270583093212,-2.3749698711442537
6.094076078302221,14.66202048044624
24.56398151231212,-9.348673107026771
-5.5596348279910455,-17.188995054511604
1.6763671535477165,-0.4723982564100935
-5.000655616987177,-20.92995380218119
-24.85323278303312,5.281591804279576
1.172565143371265,11.370408455390224
-10.280445910613352,0.3756768988086429
2.3537913231707828,25.163988755824345
21.71132211911527,-0.1535044283172031
0.3885405843776253,-3.6651460667317353
17.70433009956357,1.9644697778439748
2.227738200156699,-25.45356341749134
-16.0759613626865,-3.044339647152096
1.232794008651226,-4.807533647659871
-21.701560381757403,-5.706873584096575
-6.3507835148669125,22.75361359155283
8.3432395950974,3.622002255857392
-5.451845245800992,10.792051659081595
22.348906256736417,9.905596602713032
10.116308518692342,-17.38773830214164
-1.241291459581258,-0.3715965777667361
10.812950119276966,-15.516936560036442
-20.484040631997317,-14.33625147043132
-9.34988519441423,11.021923379433082
-5.5438812852920325,-4.680495787327936
-16.605686327653583,16.48071510651782
15.733373548113285,17.03328027222853
5.598026185783582,-4.978218545275543
8.693555637747217,11.444788157567066
20.970290717689853,-15.46500813346853
-10.63466250184122,-15.930485863286249
1.1831886810413084,-0.3822382625817727
-9.843593401014756,-18.397161244698985
-22.808386899171627,12.482905039885868
4.886933191936038,11.941539374713084
-9.30258250937386,3.087834964437276
8.42914688365279,23.470161129604094
21.99641271916612,-6.791142677610412
-0.7308469641293148,-4.822781940250064
16.675733600991553,-2.794213987692168
-4.64602018294696,-26.00783919243141
-17.699563281236667,1.7223602451311717
-0.1817743637394379,-3.365663383753468
-21.636532317999965,0.945240556117023
0.7693988956174634,24.616877927675684
10.567538243773866,1.1262237774859416
-1.5870656043026798,11.373062574277828
24.33932911072833,3.008903703577776
3.6057222808278735,-20.35586721837805
-1.8615252044338169,-0.7381931999642745
5.064222118769139,-17.10303238294166
-24.006383671593927,-7.749724949954821
-6.4040551266724455,14.2633058504789
-5.449219690308783,-2.560902471945863
-9.767606790833632,20.16244489440379
20.74500343294481,11.409097369461858
5.088371420477154,-6.694462191973878
10.64091018335846,7.86018530843088
14.552539202302302,-20.02852004185107
-15.347459883588524,-12.721086334980797
0.2363126545110767,-0.0628040900498522
-13.294898759005797,-14.76827272981606
-19.31212193674789,17.35985188469841
8.420287484179259,10.742693891606802
-6.236086487445378,4.57136785508095
13.456223427388087,19.990303246415134
19.41843636689249,-12.735405511792765
-2.7986073946992835,-6.055143310006462
13.991320283537208,-6.550436555709152
-11.824580951834744,-23.61787305837092
-17.181861703203776,6.770642093864837
-0.333320830478375,-2.211675239028383
-20.813197917558558,6.482564850154578
7.729213845294795,24.800497467987316
11.835232840818383,-2.0767763768535774
1.0809779374233954,9.77027377761308
24.569180757473127,-4.493851594423169
-2.1559631327920905,-21.944523809818776
-3.773921260024659,0.1083769338825264
0.6620556089289721,-17.311476929574038
-25.56901927991221,0.2921568312186606
-1.91759731461212,16.62103382790952
-4.311854357528055,-0.9602144031154548
-3.966810113109294,21.12212417210496
23.336219902679968,4.94836484314595
3.048028207042821,-8.75056722527803
11.483206923054396,4.486090589348351
8.734058683379255,-22.873078578994527
-18.078364596853493,-8.912778200981247
-0.5568152066739043,1.393087453906268
-16.724540688997138,-9.018359442309622
-13.000186445271828,21.145825822516056
11.817157399909966,8.80726365754522
-4.1053181692409,5.454701729208278
18.280248145101123,15.296248401387231
15.285313747217549,-17.21625919556807
-4.949334882952388,-5.9507802202517
10.96569980784659,-9.307547714762784
-16.79739293158645,-20.02307725538653
-15.779320240118434,11.58417188759762
-0.5458036742056176,-0.5702741183378393
-16.95672700442907,10.81420293251912
13.789664028147914,21.943225016765204
12.307815542393772,-5.659624383104238
3.292614029716242,7.849639297750123
23.141379627159004,-10.539166110241291
-7.78022494994592,-21.353040953916253
-4.5187521499342775,1.523679639512209
-3.972808914093548,-16.008717633064762
-25.513176439561693,6.998303790475171
3.436595125876402,17.29233573296753
-2.8916477274100285,-0.1105727258915835
2.164074916746712,21.47235792759562
24.999753507415537,-2.1417633562492857
0.6421456427402183,-10.729642603329642
10.76949771004012,0.7643433558013553
1.4757447214640729,-24.490667205362985
-21.2928588032008,-2.5506240597312715
-0.4225730719092303,2.8312700251478344
-17.055982274686606,-3.9037599543272554
-5.724374504119361,25.04048217112012
15.453222775814943,4.986856183502278
-2.554393657944526,5.005126616705065
20.80113891578088,8.295714109774439
9.85297008671658,-21.59602985278985
-7.114872429469326,-4.690820670439975
7.3727456220708225,-10.66394036016526
-21.029547019310076,-13.40348940450994
-12.1369847976889,16.23770953166721
0.4239110059329832,0.1612642834709707
-13.139226132764088,14.403488132566476
18.667481479675303,17.518440644781588
10.402658969665948,-9.559892922439198
5.039320377056678,5.897574007758766
18.919807864026037,-15.045664275687647
-13.483306789268685,-19.32368174003465
-5.274340029730947,3.109413164689995
-7.533213897750139,-12.968730112366924
-23.047735423841257,13.03776979237436
8.004567980398786,16.91144778583985
-1.3466978111278851,0.5212446957838521
7.442609300090716,19.94651067543149
24.17334938842636,-9.538693348537
-3.2054330130567736,-11.87635322875136
9.498542267010707,-1.9827812901507864
-5.502877974233299,-24.10804828564479
-22.230833862470305,3.780942288387397
-0.1755307484627133,4.354184097221304
-17.059403316658027,0.6444033514982289
1.2190046033210198,25.10516600901241
17.0631038833812,1.1022225165459674
-0.4609006080363257,4.784064515702203
22.188804154512773,1.8129274302313887
2.5578889348118348,-24.318510240504303
-9.57721010896951,-2.0203040730543256
3.545037807170494,-11.22867580124126
-23.97764054948939,-6.541106442274841
-6.818066509392901,19.710385822354503
1.927310923477292,1.0230764290774226
-8.17441897158001,16.218741371428717
22.84671197952424,10.535934696445324
7.832278131946274,-12.90994612165871
4.76310764934323,3.8686967967197377
13.141508897144355,-18.92654825799428
-18.697032873323288,-14.744849814876682
-5.223995583540527,5.841264000950172
-10.058941104264573,-10.322713285838926
-18.032079516280405,18.09056397302537
12.956951730142151,14.930283335205567
-0.1535634735135219,0.5129121540959449
12.013377885739482,16.40034419403092
20.668059810193483,-15.106612437750488
-6.9052905059114025,-11.78562872875497
7.661041196444874,-3.8285411468020936
-11.556847734436548,-21.85222729832332
-21.358876637597263,9.613525374940298
1.946993141062172,5.228521797286324
-15.540913383830931,4.992246270023999
8.957529722685656,25.020143653604123
17.359412869285684,-4.94104324525938
-0.154258108565147,2.858035951800654
21.608541211077725,-3.655401252229787
-4.840495740155047,-25.096879673876632
-11.5827664183938,0.2584692369882213
0.2530745184953282,-10.518804529024958
-25.03997472843804,1.3526934594071018
-1.0070476929327,21.6008644851711
3.24518843159912,0.887137497304119
-3.0254692223755817,17.27687034011546
25.457186161297532,2.8276954140649573
3.4783979207442592,-15.882812887141094
4.5839607599584085,1.6225571088624189
7.364293934699905,-21.0001321532391
-22.327739577374768,-7.96775092998175
-3.7385701558215994,7.9464675432121
-11.274941462361976,-5.928338670970791
-11.69015744482324,21.533880402722964
17.138718499364707,10.677773448930203
1.1341838542693587,-0.5253849834466409
14.679091738409852,11.5009797826846
15.98111592913236,-19.81801389758248
-10.493637648770065,-10.06916687772156
5.157387091493534,-4.838806438865962
-15.489564752711896,-17.49380558361789
-17.33961891059134,15.18281814914401
3.9598387992212665,5.563351703615921
-12.430235421942555,8.414518212560594
14.21231898932415,22.029782706903045
16.55944170289336,-10.08350018404845
1.1035276871837298,1.046297763354045
19.35674434843041,-8.922575140379449
-10.90696104736325,-23.553821110255623
-11.869652066037052,4.195911457335402
-2.811761857835023,-9.17035733770027
-23.971324742721844,7.595307643944677
5.863222251179156,21.77245235741332
4.62641368893143,-0.4616887138787319
2.0368233534511075,16.54726698827573
26.107540907163585,-3.672545565267689
-0.9379079244658312,-17.236715546978292
3.642901334310064,0.3840621058491872
0.2138453685815017,-22.170602520428165
-24.55820296800028,-1.0675922546673606
-1.7471794107233232,10.254331633767505
-11.637621617839413,-2.609407012773341
-4.020024411252491,24.650279277585028
20.19386000729755,5.197734737704946
0.8049348356933616,-2.101434937424259
16.942807376312405,6.037713878672656
9.31444752078495,-23.842705067766207
-13.99254444869101,-7.204471957641801
3.011791027419762,-4.814989354297614
-19.17309236267045,-11.190950460781576
-12.379081559995962,20.14468448749136
6.435315053192361,5.3009071716136
-9.054006628672589,10.28899134943195
19.410578998486372,16.386601624197777
14.155996908663392,-14.466254761381665
-0.056257684825725,0.1998094324991592
14.977313498453706,-12.841545995049332
-16.285622530779797,-20.131416698315217
-11.08210662659028,7.545863170343051
-4.150538075505395,-6.956749258432561
-20.6536385895492,12.826283288534352
11.2054879334661,20.35213916456487
5.990579331024319,-2.4147204643624507
6.3075396379972615,14.426095320583828
24.05586493616684,-10.55574806086686
-6.135027807304366,-17.855553591965048
2.6497197264326977,-0.5745789242691233
-5.737594249064785,-20.919606406379177
-24.63786381426541,6.058761875692107
1.2626413984574791,12.100726917639518
-10.488785188765574,0.9765629450811604
2.934218898182526,24.462976203112625
21.72424177351256,-1.0578572373163475
0.8909334708157451,-3.4935047656755085
16.732711179936075,1.2877561884581357
1.786874506580418,-25.0189384860157
-16.6823303382439,-2.831703106344445
0.915066167875066,-5.229038001504719
-21.74497523641847,-5.159030971905381
-6.837509764757001,22.404267877184317
8.887348750285732,3.163507869779776
-5.094342706500407,11.46305599141768
22.623720444581178,9.660098771917855
8.84042550255571,-18.154326098094312
-1.0144496506076923,-0.6530092974077677
10.019234138748407,-15.602013005787992
-20.671411725700683,-14.56599388701921
-9.446824064438712,11.140491620379036
-4.844492442247426,-4.273097346936247
-15.41357710116844,17.09975823704663
16.66461216877142,17.045706646921595
5.602046806540601,-4.901933951834475
8.6673810232862,10.94904726687182
20.45750743955199,-15.55011505546278
-10.797878155122836,-16.384286089351075
0.8175880736338027,-0.3830129785547677
-10.029670588642746,-18.705906050295525
-22.937043563305988,12.380269696205536
4.635285049447814,11.746304440898394
-8.93799190855681,2.842056228473968
8.713567268265447,22.795542786881576
22.1327926525308,-7.502251472820553
-1.564892040445788,-5.0859337366209525
15.856579732370466,-2.9444685599318468
-5.675531310083969,-25.681934560815524
-18.157189912914248,2.1369246003055404
-0.1920544503110403,-3.459655130102398
-21.51940302804215,1.198955585378427
0.4814324948726741,24.914245194922916
10.776092427009564,1.6841214900333876
-1.4039687853312914,11.141154430068111
24.618269622827423,2.371628651369084
3.4802455769971066,-21.420427526918083
-2.2048804943195486,-0.5130068494192036
4.824544455152755,-16.829724212060334
-24.269452358002837,-6.7025734855407615
-5.670936602539373,14.556211301243115
-5.081590888309842,-2.25191321874514
-9.643092399610753,20.06669622530476
21.428765812692287,11.248807256646655
4.414947688512827,-7.039481693157961
10.865324477002584,7.8183057942973235
14.455388700518162,-20.608538585727104
-15.207691999703863,-12.758377306922508
-0.7321289312368704,0.1351009875043208
-14.031281594735622,-13.866412806975289
-18.355286920912725,17.863100286766983
8.896367747842522,10.835442639680972
-6.190352625677902,4.403457502744109
14.05514630328881,19.570908095802547
19.72170517711587,-13.480038725325866
-2.8313345659102174,-5.6226677256619
14.206080751725938,-7.085303469185655
-11.806048512700023,-23.49360650367825
-17.16413368340952,7.226487488939148
-0.9301064696492088,-1.973584468151656
-20.08052573424428,6.912274774035061
7.920589950813413,24.77018885395913
12.114362773195438,-2.4213971854268808
1.2342714122577056,10.047853874640191
24.303702985632395,-4.28580465582565
-3.17028356063897,-21.96650819283782
-3.941506912541909,0.3866142711469556
-0.0987413101565198,-17.30238632309875
-25.177466099895483,0.1226577947495601
-1.3892735193434382,16.9141441230661
-3.8247875550496433,-0.541884960718895
-3.1240579780154536,21.441263929798453
23.890271480026456,3.942362683651948
3.3871283735863917,-9.61094486853978
10.72518362829591,3.839908973542973
7.399264869098908,-23.080949280025088
-18.889121794342817,-7.617084704926512
-1.305413766962253,1.7578327764443908
-16.208994324031675,-8.812201797791099
-12.060863681136972,22.02006233397561
12.678304034430228,7.773341184655063
-4.198054997002366,5.178192323481162
18.661980137185832,14.160625217181224
15.528251258413883,-18.25958849824077
-5.145002777040405,-4.9144470926820905
9.693942378688524,-9.559437722427752
-17.08646304561388,-19.456932940039447
-15.125147933796717,12.368580432205718
0.6910871580768148,-0.909477381989874
-17.29363320385927,11.363901077203607
13.786707893152698,21.941870065635065
11.667574039391456,-6.038937691858246
3.362221737469024,8.05382132733989
22.689352248251367,-10.487626053615328
-8.709689610819222,-21.218642831439105
-5.021238089979132,1.5959293949964837
-4.389679082386375,-15.26758935880294
-25.654779751824368,7.442098258993688
3.457313659012466,17.417341775566502
-3.1881172007376937,0.1935120628378694
3.04091533934484,21.45763742881684
25.21936886297849,-3.189499556778311
0.3480754987670872,-10.320061352222302
10.58925853741557,1.0285202300361629
-0.3496804993152682,-24.565760075113293
-21.388289655519905,-1.7746975998354817
-0.4767710567429067,3.1514745875452093
-17.20913211876145,-3.074259521764129
-4.575327340107155,24.498007086932056
15.108306131363996,4.836441828005151
-1.8606508984410324,4.505059008588825
20.4634377350312,7.978712175143107
9.085611299464023,-21.93044011834753
-8.34602477420427,-4.213533929672315
7.370931824382391,-11.102003882235024
-21.455282221383577,-12.940710739473808
-11.803170012671607,16.375137261558567
0.2257953090528156,0.8046331750034392
-12.770534942755948,14.673239657520924
18.845294625368776,17.054275836036418
10.582411658509418,-9.521578716912629
5.106570207652875,5.598933044353123
18.38765258538152,-15.83100558348819
-14.437844578830092,-18.91760436486376
-5.329246923086827,3.3072295433891483
-7.850620688609005,-12.75501435812784
-22.43567847023622,14.182300925752566
8.984597976966693,16.820547731271848
-1.627326660445099,0.6852234452542795
8.12341984741498,19.188136854943163
24.281917062898945,-9.16608374567883
-3.1956527636270717,-11.490290351669172
9.49842755651203,-1.790514393791004
-6.432160073461681,-24.36527914225214
-21.9568280405195,4.529884644840801
0.0112956722115736,4.253711245059126
-16.585568761138614,1.3443913347567518
2.459489623925201,25.76270072791415
17.807432272221295,0.2894344933307184
-0.5432048100939929,3.774906234949426
22.109923145810367,1.6486312130703755
1.872851915778534,-23.83135782175592
-10.112124007949184,-2.173314469737832
3.1298123054437306,-11.746895711685337
-23.64953068376406,-6.074071833987869
-6.15854051295154,19.80566626186428
1.8191249972775796,0.7105096636901352
-7.65391879712087,16.560012976080753
22.56878631368419,10.242002093426237
7.707306641984799,-13.29848184338728
4.746170002547269,3.526964615924916
12.347278881977598,-19.03699855247636
-18.71988513914351,-13.690225583689797
-5.116335202565344,5.803313248915476
-10.360337065672372,-9.539416193399646
-17.01093658779038,18.57615999401384
13.7277477509106,14.494739949180316
-0.4252585302652923,0.0422165552913185
12.38338939338934,16.13528926773318
20.852226033541143,-15.825044434982768
-6.931152407250311,-11.449271878715358
7.061562844561627,-4.34756772196148
-12.082335755723143,-21.647664095004817
-21.104394062317787,10.827691176977169
2.057130331312116,5.294029396148897
-14.574231454304217,5.63305770243548
8.89097222303851,24.91346140094201
17.56183474058862,-4.874596194971878
0.2737902956413701,3.1513318052240624
21.172381470700625,-4.575778686290855
-4.537680017794541,-25.080497657724496
-11.2266722419046,0.7316487449777369
-0.35490630345203,-10.965627199693872
-24.931221571431056,1.0339471036327097
-0.3857618688503684,21.41262349752994
4.109442297676149,0.4265108856376051
-2.440150039834371,17.32433130874236
25.269502798364275,3.2746825751452286
3.945843401295914,-15.784476937977288
4.813132300028779,1.233836581199373
6.481484448115512,-21.264178558313667
-22.514788959675727,-7.675665936663765
-3.5268007888596205,8.543706488688944
-11.557301877795968,-4.981556609531684
-10.965115721188242,21.712171383020635
17.948184970974587,10.235046040447346
0.5850687498634367,-0.5939633432161489
15.013749539843682,10.920300977008726
15.1248605295369,-20.23317342131746
-10.949241803972509,-9.894133186912748
5.195777267070714,-4.828178996609336
-16.499696822308618,-16.736009099713332
-17.620957722272234,15.816587639969557
4.375358560518271,5.978652640332514
-12.558281288488509,8.355988601381101
14.524102822350876,20.847567014500708
16.724422365518283,-9.886210430737204
0.6257514650459103,1.1540162081050058
18.907288609545084,-9.402923801301071
-10.995389211840765,-23.4342009827004
-11.959138487015286,4.296282410183143
-2.6194813925152336,-9.5376718165813
-23.46194592607194,8.23611448755716
6.6276140108140975,22.344255725871573
4.829410283938359,-0.5931941608703272
2.070697146586045,17.114657754381845
25.470758793156875,-4.663716350448877
-1.0849082731604869,-16.852284890559346
3.4257334556166037,-0.1736174584937952
-0.4481106882785178,-22.448180464343995
-25.179634580502647,-0.47583040824115
-0.9498489061495624,10.483033435795374
-11.471167854903124,-1.6916389369512097
-3.573570195868555,24.66621950762486
20.61827686167267,4.174745597805343
0.5976400573806252,-2.40966590066183
16.65453219076597,5.191092799163477
8.030593229855612,-23.43939896388389
-13.960871165939205,-6.751281278657001
2.586280062729814,-4.606387008925507
-19.81986355502265,-11.135609635638454
-12.06592418492123,20.551634711669955
6.555411966963843,5.188217303246307
-8.901123932352473,10.108923602417535
19.7032262480473,16.08796046419648
13.400207936303463,-14.94601019067676
0.5049242325364983,-0.177565044417829
15.016976622012022,-13.035004240165112
-16.965360121183068,-19.66509972547863
-11.562972548794075,8.247827180722913
-4.943720357995244,-6.417024218439544
-20.239703502790107,13.135005045511535
12.13872613588007,20.733133025049536
5.477680249325122,-2.615466192111859
6.417914712501347,13.839330266051558
24.057512590836616,-11.37485991756182
-6.287547744968453,-17.343783269312194
1.9177815571144772,-0.462588215768086
-5.518822515688552,-20.633918417495117
-24.88238088654272,6.810439994650102
1.708293783609259,11.916202467847478
-10.260538242907453,0.6713978936594484
3.486410089736301,24.851648121802494
22.08197158325752,-2.239001509822045
0.0227655495084375,-3.5964582001304293
17.417797628943486,0.8209321759447284
1.0480109429978108,-25.380373614010875
-16.80602920556668,-2.026665504934948
1.0413678017343413,-4.2474851291323255
-21.253302624797755,-4.88309855579762
-5.551679390143136,22.69600200289205
9.013785336714813,2.60111825867868
-4.506605599391183,11.254158062134444
22.78174498562745,9.610604707290458
9.207356329270596,-18.119209295296013
-1.6718922255227902,-0.8273783766869182
8.791666016712542,-15.594317223213825
-21.05903248488398,-13.705998577049412
-8.860315712040618,11.501816761447722
-5.606718317434308,-4.533015237970631
-15.036854561313598,17.683450369695198
16.93657943543962,16.23339742536622
5.498113632159958,-4.721609029365394
9.00415211518453,10.65099373847776
20.073765912631185,-16.324343831701114
-12.022308697769578,-15.860406235620882
0.5822726794411806,0.1018186100527903
-10.449063166875254,-17.468532033347895
-21.906086488440245,12.74879118787566
5.244348809505503,11.782234103602104
-8.381168690694906,3.2731309025901827
9.540582882704236,22.47989255484116
21.337153589583963,-7.9995650000043375
-1.0508754787444397,-4.749747872708464
15.919853036423744,-3.5894923464730617
-5.990461787226963,-25.6895529175198
-17.12982908486297,2.2519864519394672
-0.1443633195943703,-3.177231902847532
-21.8632579710243,2.120808811432458
1.977819437042913,25.083339372243604
10.908075020090644,0.6439471478246781
-0.8698225871647431,11.46156500023127
24.467025806707035,1.9488805339679929
3.2530115208033883,-20.919736286183998
-2.7281056261969927,-0.4915038482887425
4.764692226988266,-17.369153869120954
-24.01804068746857,-6.266434528734206
-4.937942291483511,14.808408067522691
-4.537572671841506,-2.111438809672397
-9.253043359538076,20.168054406003904
21.115570534540563,10.432292786451471
4.5011328841516205,-7.440460547874285
11.073459879901783,7.335201893611124
14.111434053049242,-20.882429954894665
-15.958175273509127,-11.78867672713968
-0.5006675827947664,0.6723460294753614
-14.194240847530512,-13.369822402187047
-17.680316039378237,18.443585958737536
9.00469657397465,10.413727271247144
-6.287669283722078,4.8830112838838335
14.615726054326156,19.47866547075744
19.30020932305313,-13.591338532373952
-2.9134178283267897,-5.413906589567149
13.78326092570996,-7.196155007450393
-12.490123488406034,-23.015071307153587
-17.680066313136017,7.7761549071080225
-0.5548720957608958,-1.9826412591759188
-19.98315369122757,7.609026260427021
8.435327226192488,24.17804084894401
11.998454648421626,-3.0230977030024166
1.5665626532079515,10.03291348051576
24.81065317242354,-5.072818173040788
-2.6162695548270776,-21.712906001070188
-4.284090422299088,0.4615175744625155
-0.1677541634525437,-17.271760968651407
-25.46311333158905,0.9905159890069416
-0.7841198449963055,17.262677961276417
-4.276312606805655,-0.2086367510097653
-2.4881971834761294,22.22021450664188
24.186878012193933,3.763820374130483
2.4383106063201567,-9.161570336587385
11.513048417207743,3.910753484455844
6.690257566026475,-23.872668023181816
-19.35711203496013,-7.363423701354224
-0.8723402417951835,2.072810902294017
-16.766292474608186,-7.795121867084031
-11.455605563362171,22.348908727278918
12.854400879530468,8.46754242211728
-3.846080313890613,5.525580461665587
18.446230438560743,13.451022100721683
14.903150056878344,-18.809191233456364
-5.682502049853613,-5.364707715752045
9.979354974323154,-9.66479847610395
-17.865957935507012,-19.080281345907856
-15.329467922014924,12.758806074613076
-0.5308853744981787,-0.278166756743475
-16.371741646809003,11.96539976125828
14.407968768298398,21.76567228908327
11.966913523905642,-6.125657437130435
3.901190245965424,7.847317517993741
22.424643634821265,-11.480512056269385
-9.773538320065546,-21.442068860781056
-5.5463233437700845,1.8575973047374763
-3.769438917692437,-14.701739583633357
-25.109297636038303,8.428239212806748
3.732088858313568,17.745577886346148
-3.314836722794963,0.2794372431292278
3.080191204010907,21.645590280846253
24.57790989433564,-3.699103692469621
-0.1255845317682752,-11.45545604752815
11.061859315901836,-0.1236778362966418
-0.3342440594887772,-25.152686251539237
-20.77122241783534,-1.207771541479555
-0.200503007425184,3.06730341103499
-17.206008004383115,-3.093098314637702
-4.024521275831488,25.122111969973275
15.94894058080486,4.144682539875321
-1.853014651787195,4.569456006353148
20.78450856170356,7.2222646711595875
8.698233733551366,-22.043545897397596
-8.058904134888467,-4.369072897271573
6.4524254113180985,-11.28760577588782
-21.55492642475045,-12.118255483050934
-11.159566936557995,16.583333873124968
0.801946117375705,0.5666900990697258
-12.158755988952697,15.019914054973192
19.33317316127024,16.419959561516944
10.209886958365615,-10.223089188510311
4.970957837958295,5.474365239570837
17.124969738416798,-16.021854014620487
-14.492109000415644,-18.72841262323028
-5.5642961523477465,3.596437956536344
-8.019395173501643,-12.241956973584022
-22.24828056019467,14.132732645324928
9.028762084496163,16.55768095978136
-1.5351258432906685,0.1399328989400142
8.439891945784352,19.403702733998404
23.74966572106416,-9.471282400150502
-3.723567414512095,-12.14726163108383
9.459150401784822,-2.322696634289359
-6.983698999725107,-24.10894717700961
-22.33789853060471,5.467505424566664
0.3802045449784467,4.590784370309584
-16.893263416234888,1.4793036699501654
3.7137765647005,25.855169587582598
17.360388272991898,-0.2119700473781054
-0.8081753060093235,3.69155362934128
22.109731714604884,0.7772490017554909
1.751841576933176,-24.01861097666685
-10.120510098449888,-2.359533140236774
3.323572360897631,-11.290954540944826
-23.58015824346126,-5.3516554117465
-5.757203141734309,19.65139648089402
1.8989096150806244,0.515179372129361
-6.86262771222694,16.72021734244621
23.425166301533093,9.496669558570098
7.619364991202287,-13.254558665244154
5.278272516323904,3.510770475622849
11.908999017323856,-19.21939034649234
-19.39101561725716,-13.37545242967791
-4.88344462557777,6.342466455931517
-10.66576922014726,-9.141368074142758
-17.443458909978034,18.7958726908527
13.759923693571904,13.837311002002668
-0.1422843218437382,0.1371187482899598
13.06802821001456,15.138596342827004
19.97464176024735,-15.370201784973236
-7.174396604207167,-11.513162295733675
7.016978154248143,-4.277284417402935
-11.954087548335911,-21.264380550004358
-20.380672669192837,10.686147584025292
1.572513867186103,5.677529253899146
-15.537159173469616,5.737700998018807
10.096295113088935,24.64767361776037
17.863733023562254,-5.257804831077551
0.510374048082983,2.419710401784638
21.26434148905245,-5.201128696932451
-5.485340011191173,-24.4443467067324
-11.753572984616044,1.5377902251176083
-0.0866327224001518,-10.310980192517713
-24.676236126166145,2.364973231524218
0.526221887716688,21.50149892536224
4.099478048548018,0.5691803776993452
-1.8165731527761024,17.040970211311713
25.585453770845167,2.404111705532032
2.9430398718198987,-16.282056665971428
4.924082433752433,1.5004532990347457
5.854298753920316,-21.259222889668408
-22.539828004680707,-6.524681921880519
-4.032948525826368,8.508808061657708
-11.417620501738172,-4.863260667382331
-10.131654085504383,22.781951897915437
17.893418201479946,9.711774999122868
0.7538534739151291,-1.233491059186992
15.675367687821186,10.570967259267409
14.516094911767413,-20.0908441213291
-11.171792284932293,-9.499831386937538
4.653408508278085,-5.42723953029067
-16.870923905474385,-15.99095506654858
-16.782236074102972,16.350423150672608
4.935632478537904,5.63619265627474
-12.056620150370495,8.698683643311591
15.783116933227925,20.98893789979792
16.45281454932579,-10.598822509587125
0.5381175194084246,1.5685877457005817
19.115967846717663,-9.3857950828892
-11.495596391361834,-23.072045763263045
-11.951002840124454,4.799255330032595
-3.0532808911097487,-8.426118151460406
-23.390753064080577,8.26437147113005
6.8648426993369,22.077324077774083
5.274660619003564,-0.4271510968626907
2.648339783769337,16.051056464825102
25.383232971800076,-4.658026878710545
-2.0724368322761744,-17.28627002287044
3.524840983275431,-0.0917853518912589
-0.5297988393532338,-22.087133197626528
-24.872254341552,0.0456549754304088
-0.969013398640922,10.642423150347316
-11.49856154003297,-1.8434577927219928
-3.500391265342325,24.109956763368917
20.87746253515205,3.661910739017729
0.4794219327203463,-2.2660692141338457
16.91004159262894,5.939011502221592
7.61322722936713,-24.300873602918625
-14.103496167540015,-6.34547508172238
2.428165796368952,-4.655261031896835
-20.13041554946677,-10.097853963204784
-11.498596574866246,20.299830239813755
7.084783482837835,4.445429386831432
-7.8569840637888175,10.514651581532156
20.058506748242632,15.503823288599998
12.796217226051176,-15.080540909460105
0.4062670174024498,-0.1060804133704566
14.794968613583755,-13.668436663380255
-17.326323074230583,-18.77894592730449
-11.590348191758588,8.532167281232969
-4.890138645260059,-6.441107003185165
-19.654744961437476,13.704136154938304
13.045897296341224,20.558309500636504
5.629089645533322,-2.8586580512008672
6.722728266610085,13.920381105707678
24.07523406981707,-11.911612954835592
-7.0777670758378495,-17.269217046292578
1.8263267383858928,-0.0767715921735308
-5.841941639000907,-20.123648762099723
-24.72893527551757,7.06861420611115
2.114026152226119,11.186803501482798
-10.0246806260824,1.6204260864034692
3.932610400556044,24.213332648994957
22.20667189827615,-2.408041861463889
-0.3547979585658995,-3.86217289266693
17.07007404385878,0.4463792365728338
0.205005947501342,-26.223759435294472
-16.94333317121713,-1.31053938920637
1.0989194593606828,-4.137915092625681
-21.88835538900574,-3.692194961226763
-4.77302169473075,23.672563816972005
9.500242744649196,3.301311167449512
-4.439083527830372,11.793638821075628
23.017042153497588,8.609613291129483
7.852992128482182,-18.81606630343117
-1.615797050592972,-0.9554156507448056
9.066304832248193,-16.118490804089483
-21.77537514768207,-12.959747428023515
-9.487938939762644,11.556981283879145
-5.534828531628554,-4.228717636806949
-15.184911259825936,17.968620103779365
17.54462856829941,15.723609851575745
5.844683038953366,-5.313378841761293
9.17436109118107,10.733383469722158
19.73036675294997,-16.785335312798196
-11.409876725134154,-15.3097091004427
0.6626251945550576,-0.4976739444466119
-11.198102109839825,-17.28872033853664
-21.737662986737732,13.197426750850385
5.578433198354461,11.501140343139614
-8.661216246696661,3.646814007866536
9.639320617150693,23.07596799180366
21.770287568237805,-8.616998209932206
-1.300789513948721,-4.760119757700875
16.224142180183524,-4.183058293539363
-6.496318099383354,-24.94090101716706
-17.372527398068225,3.187705692840197
-0.0007725433067645,-2.7603627086361797
-21.43701995259037,2.163284478710543
2.239710530999464,24.7793316690623
10.882868861333549,0.4967544206929221
-0.7571238949972096,10.989359044305786
24.64071197726116,1.1524567204551626
2.1999928350349665,-21.21579160115106
-2.9924761269759395,-0.5889437081041174
4.43111909237283,-17.064110792542735
-24.86282734167236,-5.656034597706591
-5.29274268592223,15.16128651472394
-5.73625012108934,-1.7639470237753434
-8.595671287650731,20.478753155147256
21.13244148291224,10.0541872960538
4.538331994641674,-7.850203481906693
11.643103689407198,7.0119664681017735
13.8738989047647,-20.702969329451832
-16.317077417700556,-12.101105389135464
-0.3234610814703583,0.0883256750086807
-14.051793649307204,-13.677832202840133
-16.26812538517678,18.382892311795157
9.850773973039916,10.463273901774972
-5.343062522541355,4.599859429930585
14.653937299643976,18.777617579647583
18.886025092688858,-14.034741883204418
-3.467580399416956,-5.91295558075604
13.458725316569822,-7.285443385424194
-12.67411859433345,-22.66239165263374
-17.412802482837243,8.030814852612789
-0.5507603359957852,-1.6358226905688562
-19.618784927837847,7.394329788572191
9.391244374388824,24.168278911018472
12.21048226969966,-3.370483425981505
2.0044735560497,9.475990050421624
24.220270805878787,-6.150866135519831
-3.426624095753457,-22.156771408692297
-4.095105382228817,0.191420482391067
-0.7385749378125646,-16.50405623050204
-25.89770003992411,1.6394007035037137
-0.9821573589240462,16.877724001808662
-4.134474076249843,-0.732542337049655
-2.0935723094544167,21.320293916266998
24.6712428333114,2.464696624122726
2.6624582095046683,-9.460581447144438
11.44994123391716,3.408730765000143
6.4476025535908565,-23.983463345205813
-20.052125318741822,-7.349119312217717
-0.7223168625872858,1.23404568435323
-16.607955709453098,-8.471282612746736
-10.4510076673451,22.71894278077747
13.484557302741193,7.658783291360274
-3.583983183932077,5.3273182361549285
18.70018341548446,13.55918350244722
13.925484815645287,-18.83020882716496
-5.905726136934555,-5.37885459344484
10.193838997104182,-9.853370812104105
-18.3072480209224,-17.971659249764404
-14.925607317442331,13.098900936775404
0.3577183668036762,-0.3260448735256938
-16.224645579603656,12.173490819695212
14.875316518741837,21.427666148422333
11.365340065847874,-6.973719598653924
3.874802216461451,7.5193497382587315
21.63233439307295,-11.5207648243328
-10.25970547692695,-20.645033538170484
-5.166227247343608,1.922134725110269
-5.509805788235235,-14.791012480195317
-24.76651988382237,8.88133029289393
4.27156270740229,18.071608364761683
-2.648231796937031,0.2157837300899174
3.667921028119665,21.37977343743656
24.888076712233133,-4.216031027175011
-0.8446199547288733,-11.197297938790602
11.132871078033354,0.504563547226874
-0.8668799873527434,-24.882887170757087
-21.54464785107877,-0.9640671714933818
-0.831674777920908,2.6823966576996527
-17.438036887382385,-2.73348666704616
-4.017492637218759,25.270795619137584
15.910882737119191,3.7356276127797785
-1.280195168452939,5.170146597203481
20.447022648300923,7.350580786966309
7.772061174580444,-22.349006648606263
-8.214363609684861,-3.9089828961986313
5.806727788865786,-10.903526184165973
-22.14332648776988,-11.698251040686198
-10.705287442471068,16.768741941770042
0.7662263022671774,0.2372586170100447
-11.543534208709962,15.216906945476849
19.60387687202633,16.491682620895844
10.040431416360338,-10.271400948278572
4.904934627383137,4.786768051177373
17.01028118833806,-16.387859055592713
-15.31186250812122,-18.181737436112414
-5.939001508191221,4.098587579478542
-7.940741779766358,-12.43898877071672
-21.51913014799188,14.980282334529589
9.507362228155085,16.928781043752675
-1.559540938578421,0.1820648899070879
9.02677167347624,19.1338182450609
23.375782827367065,-10.605572552217804
-4.23326817697562,-12.064468198673328
9.42559257288056,-2.8588380500219666
-6.944267466789613,-23.75961276616736
-22.05738930179181,5.731520778612189
0.5147826582188985,4.306546307560468
-16.739470530860967,2.529255589529813
3.06548127830328,25.93826269673026
17.300839556413308,-0.8217845185153012
-0.1115433440131948,3.457644250139933
22.099195071419583,0.3102144694846878
0.6227165943570406,-24.705352809726087
-11.13992924452005,-1.7353834481159884
1.821406783275168,-11.181253928860986
-24.17420601817957,-3.92423469019841
-5.195383022301203,20.85524010452769
1.9485322173323525,0.6831509286846645
-6.752123347727246,16.294719497205648
23.65426621050155,8.730154366656194
6.971364013283944,-13.988360205535034
4.996471920493408,2.9402450386623005
11.43373904989912,-19.52500076059088
-19.469126540769405,-12.507584096180729
-5.164523038952227,6.07894801113281
-10.356185642247176,-8.50733046997116
-16.483393576677848,18.762798856710877
14.390167013771888,13.880370100012373
0.2877950826489229,0.0673592675650289
12.722847501646012,14.458923266178054
19.87491279454277,-16.520269675996964
-7.88193634341978,-11.339614171539608
7.050737909418085,-4.120007203914908
-12.763937347330248,-20.303327589676154
-20.296001847226613,11.666157471751148
2.9151715286388877,4.953414493869419
-14.613239322051385,6.054742756664948
10.331443170332584,24.238926903600078
17.366930093871897,-5.789416081002633
-0.0279906976468499,1.8476907417345911
20.80411463872861,-5.359663073734477
-5.732464314353592,-24.959847651736258
-11.809791084773034,1.22445901170727
-0.4900993887509923,-9.982144782022235
-24.98396550373307,3.224416622778158
1.387280228143452,21.98175562448488
3.535364611648649,-0.0478467977562512
-1.9380959740028525,16.726024038696405
25.60063840010611,1.6913318000716873
2.862515331819877,-15.963890098773923
4.223471455596523,1.311584349093512
5.50081284834467,-21.32658281589787
-22.89848607769728,-6.476896195329057
-3.5492367845346395,8.388261423231
-11.04796745371228,-4.614578730321577
-9.40963016672861,22.63784820547773
17.778725671655874,9.330956257873082
1.192326665927018,-1.236052190423033
15.60223041197832,10.388270129677569
13.425646923128944,-21.026770354974968
-11.350830352500266,-9.92307232791474
4.875124412992465,-5.12386852727233
-17.025167989023437,-16.04972124880391
-16.493007966846484,16.944406058760006
4.650625501506116,5.759444937773416
-11.75706334451618,9.07728360469489
15.646566522377745,20.613900957069
16.458082039482015,-10.871685947110713
0.5348105725355626,0.8441718065899628
17.90628448301794,-10.28484360946316
-12.508234164299152,-22.89271551370586
-12.011586420991998,5.146279290675899
-2.8671669378603304,-8.965285524176467
-22.817861312990367,8.98318558922374
7.170161028105349,21.840587481404228
5.636147549434411,-1.4135668285650074
3.759392575249641,15.856234383652684
25.57606949349857,-5.447081039898191
-2.332638317805919,-17.7357429717022
3.818065297744874,-0.1513861249349381
-0.9479724678505786,-21.75454169605553
-24.55829721491508,0.6746867279078942
-0.2215234983655598,11.398314732272592
-11.53018175644775,-1.506977353974189
-2.658472631449186,24.21602753810576
20.9784969273474,3.2872166663539284
0.3328110410583915,-2.5750123906193227
17.38568590482225,5.123589386712177
6.799162708186542,-24.242270070009788
-14.481209867870986,-5.957196660193407
2.5343555691267112,-4.921224834581758
-20.389397353924583,-9.52841865412089
-10.185877868467864,21.06038675471796
7.003378136180955,4.658417190808689
-8.090777759495422,10.839925494562838
20.331145597817823,14.81280230049615
12.681529326106393,-15.152705695231424
-0.5614857490022443,-0.3279852131698411
13.994209664672372,-13.421473219235253
-17.83155280365432,-18.51247025353459
-10.78117549633446,8.750585741836971
-4.903570187307153,-6.273129254245518
-19.75049113317226,14.499049016727769
13.570802728380851,19.757959781927607
5.796465855633602,-3.0045264303134487
6.503300395026286,13.708480617523366
23.33760535141545,-11.863954448350722
-7.477694167935068,-17.391872560803055
1.7196244438891584,-0.6736742274036953
-7.004502792955494,-20.05181029726625
-24.759064299052177,8.330365489944175
2.8588950755415765,11.389205189148548
-9.439666643630025,1.4723291656317692
3.9311495834891512,24.501657242882885
22.01082532584124,-3.102307076394341
-0.3471964527025946,-4.488595896608809
17.414197688597785,-0.1649546922244051
-0.8822374061758401,-25.91715389712861
-17.32979026901625,-1.3110292435579178
0.3136180113127873,-4.217012217875721
-21.73888566209888,-3.048602232170836
-4.228510037573499,23.625108429695324
9.823978429529555,3.556281137117101
-3.992351093454578,11.64184204590038
23.45383735687166,7.219512611188834
7.858736072333801,-19.15346320853933
-1.8933774300632504,-0.8201435838391347
8.631853069386782,-16.09300062093049
-21.84606785682901,-12.353821353378086
-8.16825771912675,12.636228059052264
-4.76954443865548,-3.5492898366722847
-14.482465075674355,17.954897393596568
17.65795182715631,15.234360105417943
5.244862130143135,-5.7084104177061326
9.710612003808984,10.119943005752658
18.755296138130152,-17.584298481943605
-12.609084374427129,-15.46672953413565
0.5233143249047212,-0.4627007277196077
-11.186998267129288,-17.188686333070123
-21.826029403301696,13.619553165394162
5.957612595995439,11.729807303668496
-7.729119215617615,3.451493501094662
10.417374070914418,22.77609689314941
21.548878334652517,-9.015784879366198
-1.178476932625974,-5.840857754219639
15.52358557783737,-4.722015262706703
-7.874258803641959,-25.522422303056757
-18.026089574745995,3.865651844248971
-0.2572841671882008,-2.7720524743827006
-21.87821584966523,3.4618709547395383
