n,e
0,0.8157877390587224
1,0.8467260276188634
2,0.8021427307090625
3,0.7935283469886969
4,0.7974379064933029
5,0.794611610630268
6,0.820616157316217
7,0.8239449419009018
8,0.824293490043262
9,0.8332102369496295
10,0.6854654940640481
11,0.54541912856338
12,0.4719168259358824
13,0.3651633686087645
14,0.4112694017219551
15,0.4820012460507474
16,0.6542889786438872
17,0.8404030305369427
18,0.9262660847700918
19,0.9756052927405938
20,1.0108989393236363
21,0.925813275721499
22,0.8305110555431401
23,0.6121986638176882
24,0.4024047463456116
25,0.22918695702482345
26,0.23725008278567916
27,0.3966551061134406
28,0.5351184578325584
29,0.6317272689970475
30,0.6674570403255133
31,0.5889697262405559
32,0.4739455214744896
33,0.3382047349837969
34,0.15462840396578412
35,0.20332931478323096
36,0.37029882564815325
37,0.5321647633886004
38,0.6750140070288898
39,0.7514434188247169
40,0.7850944831244525
41,0.7818520271451421
42,0.8568529091602879
43,0.8929980814341228
44,0.9591850360848673
45,1.0437645297150067
46,1.130262433592256
47,1.2247904661161706
48,1.2212674841613573
49,1.235632882992704
50,1.284145301547381
51,1.211302302888245
52,1.1818714604448597
53,1.1090266044067183
54,1.0371192054102316
55,0.9655044475122101
56,0.871625888776822
57,0.7563159705387673
58,0.6348511424782741
59,0.5813903586283017
60,0.47571351078711877
61,0.37531185416989055
62,0.30967217126146657
63,0.23852037030604425
64,0.20282058901713187
65,0.13040057039675723
66,0.13518235925305686
67,0.07216443482917734
68,0.030251380279592194
69,0.0630986424132792
70,0.12378971933029739
71,0.19355057574971274
72,0.25184826015571393
73,0.32058155640857355
74,0.4247672503517618
75,0.5203630585442341
76,0.6046603512055785
77,0.688820161311008
78,0.7707265595066519
79,0.8440263009410154
80,0.9094826018852291
81,0.9553195642422773
82,1.0346321206884337
83,1.0915557611215831
84,1.1422869638284374
85,1.1498803921929164
86,1.2105771006251589
87,1.1919704275821859
88,1.1710770126197896
89,1.0931752928718097
90,0.9900957358962458
91,0.9156569948664914
92,0.8018942476760257
93,0.7276029635787266
94,0.7080052822849454
95,0.6392289280276885
96,0.6416089722507786
97,0.6699605519119844
98,0.5971127312638488
99,0.5046692528602671
100,0.3881799686136187
101,0.24817782728428164
102,0.2963015259629852
103,0.40270512839483463
104,0.6369007331136465
105,0.7276112209960768
106,0.7802129755096727
107,0.756677647702994
108,0.6542132680406036
109,0.5040616256357544
110,0.30727608941637424
111,0.3115743400536768
112,0.4159569030791802
113,0.6216698538906262
114,0.771192638699947
115,0.9241697218072863
116,1.0040159395101826
117,0.994860138162667
118,0.9403175323942738
119,0.8461272144012837
120,0.7631270063209795
121,0.5259605314829706
122,0.3028913099567593
123,0.1434734943893859
124,0.32623877582728134
125,0.6045985652962573
126,0.7809034909892831
127,0.9237270155191667
128,0.9357024639810683
129,0.8952372147464727
130,0.8814033188660595
131,0.7648962103405038
132,0.6824615776803771
133,0.6654695978834505
134,0.6178764632448679
135,0.652152587696393
136,0.7046717902944958
137,0.7427937146390813
138,0.742990182048621
139,0.6904873685249077
140,0.7373445731165793
141,0.7049750599766844
142,0.7310704264886616
143,0.6944336935581112
144,0.7053706658307185
145,0.6296816652174031
146,0.43879568156971666
147,0.28746121945550296
148,0.25244359263997823
149,0.4489758276380376
150,0.6775512728577205
151,0.9291109396314643
152,1.0811101074675409
153,1.2009750731092765
154,1.2021417912708108
155,1.0717139200390435
156,0.9026898557037296
157,0.6875072480772891
158,0.40222365736341203
159,0.1704817539271341
160,0.21353513528532755
161,0.41876786252018494
162,0.5604246003742892
163,0.6876274888869021
164,0.7003269220320145
165,0.6551786231751389
166,0.5301546457080214
167,0.3945772933688683
168,0.23737843590166263
169,0.24703791366250635
170,0.3358385416498974
171,0.5371907460669209
172,0.6800293605217953
173,0.827945187772745
174,0.9267895232038297
175,0.9465478087341559
176,0.9880331083011061
177,1.0337785042707641
178,1.060997235001667
179,1.127581906512533
180,1.1746788404822746
181,1.2388057986766532
182,1.2878476766460112
183,1.2729640662111923
184,1.2206766759709948
185,1.1554722111326692
186,1.0595908219567445
187,0.9523934873793142
188,0.8498034867257712
189,0.7842277168095063
190,0.7262056412218609
191,0.6948212965784595
192,0.6228909763160171
193,0.5745911710291677
194,0.48818944052952745
195,0.48819209681414955
196,0.41125666628132396
197,0.3467989065393512
198,0.2816578883197154
199,0.2128707930195712
200,0.16801941219408012
201,0.08221249487763728
202,0.05895213464968081
203,0.039755570691492916
204,0.09577085760644351
205,0.17481380805429755
206,0.22550786629431768
207,0.264887227366051
208,0.31684704545074466
209,0.33344384109069997
210,0.4005421993311338
211,0.4703184427007931
212,0.5538274557602436
213,0.6477025369304401
214,0.6895038368101701
215,0.8145822478467276
216,0.852047446069832
217,0.9423496010051431
218,1.0578159336052568
219,1.105477405933709
220,1.1724167184819327
221,1.2057235830099082
222,1.2320806375743727
223,1.2704411983524366
224,1.2114568874549028
225,1.106985046373596
226,1.0246705529718478
227,0.9438629874681234
228,0.8193826675687054
229,0.7069618680126367
230,0.6789058861465735
231,0.5984753684656543
232,0.5153153445460746
233,0.45152280351604607
234,0.39400968751651944
235,0.37956606982589175
236,0.4227305699882706
237,0.5568676278240308
238,0.7164501303233247
239,0.8050237600252332
240,0.8360704908489671
241,0.8471298502551534
242,0.7835327433966215
243,0.6221810185858436
244,0.4302518037892631
245,0.2582126027532979
246,0.1804291633833655
247,0.3885069931404571
248,0.6487669948098915
249,0.8467296189228394
250,1.014581468263542
251,1.1214202352345604
252,1.1145250396142852
253,1.053054066540945
254,0.8279366001086306
255,0.5864374982689226
256,0.3658219621447354
257,0.26656455471245716
258,0.40993387844863316
259,0.6113465965118321
260,0.6522115642940073
261,0.7081636201000456
262,0.667664219327566
263,0.5706903715611872
264,0.532023789951884
265,0.5526197395131217
266,0.6409651641454917
267,0.7188730367934288
268,0.7751893125648933
269,0.8238097037913312
270,0.7857288069444692
271,0.7594202662820101
272,0.7487811089521733
273,0.7652653048702291
274,0.8119171540253678
275,0.8572657530235921
276,0.9013840251484653
277,0.8787291830662283
278,0.8265897053333628
279,0.701807559188765
280,0.5519308136638705
281,0.3966167074147816
282,0.292392265650143
283,0.37245565517091
284,0.49973327742846513
285,0.7016492243319057
286,0.8367848856665732
287,0.9635678407221309
288,1.0091353395439824
289,0.9394625739274292
290,0.9491723231587417
291,0.7864294988838436
292,0.5847405109082211
293,0.40861864980378537
294,0.17934417944458575
295,0.21191832012042322
296,0.38963302381236903
297,0.46365947449654454
298,0.4980183833050858
299,0.38121615686719124
300,0.27749364869815457
301,0.1106567954325451
302,0.11533681650067847
303,0.32147500620950126
304,0.476735532476471
305,0.593926217470479
306,0.7185256832016866
307,0.7417598637261194
308,0.7912784585965132
309,0.8672516197939019
310,0.8444499631026362
311,0.8610053418292132
312,0.944184198224745
313,0.9795017351517351
314,1.067879328106545
315,1.1101263546306968
316,1.1963289921703522
317,1.270448182672317
318,1.2797127300802795
319,1.2919614837298283
320,1.2459275281405946
321,1.2026379387828277
322,1.1806826033629767
323,1.1103304920275103
324,0.984614690169283
325,0.8979733315389614
326,0.8557073383016122
327,0.729107293154675
328,0.5984276899975863
329,0.5346467677540446
330,0.46198992436838515
331,0.40066229646486795
332,0.30057321057997277
333,0.21888286879922958
334,0.17990084714613516
335,0.09861961714256227
336,0.06576065671110476
337,0.06476422822293436
338,0.08909290627608625
339,0.14412324577652408
340,0.17056776499705822
341,0.22899263341279583
342,0.2917187476471634
343,0.3450433572831663
344,0.44722292534149105
345,0.5613106071967003
346,0.6400318824300633
347,0.7607473719062564
348,0.8579843289611688
349,0.9313769158099531
350,1.0289447569356118
351,1.0981550362534542
352,1.1489883120230906
353,1.1743530007720995
354,1.179497843031259
355,1.2038329713940312
356,1.2120278880483393
357,1.1568015414938388
358,1.130729015771655
359,1.0235412370561776
360,0.9419480967294952
361,0.8743556405257873
362,0.780744898936931
363,0.7567538415910816
364,0.7034166192905928
365,0.6580138077134502
366,0.6006664515713901
367,0.5290736742536268
368,0.4200935008438527
369,0.2931171975197506
370,0.22216639669559304
371,0.2688358842141122
372,0.422836270727409
373,0.5232444878175626
374,0.5405830916079285
375,0.6059688066793866
376,0.5553731845069736
377,0.45057638778582
378,0.3661114928881219
379,0.28933484576805624
380,0.3235544672160028
381,0.5098796640109484
382,0.6930310889345687
383,0.8813014695498157
384,0.9645499971899831
385,1.0073573608455777
386,1.006245132657049
387,0.8915552526380818
388,0.790479944692591
389,0.6525595289222932
390,0.4868613261497297
391,0.4454202060276303
392,0.45046765850343656
393,0.5109302984883305
394,0.6829711254351701
395,0.7971731723490442
396,0.781400707109189
397,0.865392068134191
398,0.8053436597484497
399,0.6842176137359416
400,0.7033207119209519
401,0.7122322727044896
402,0.801312544597924
403,0.8705857047516327
404,0.9219973489967743
405,0.9572007467069549
406,0.9303639507103858
407,0.7999675606731598
408,0.6906572485943349
409,0.6053245604305684
410,0.609071711784181
411,0.5761838157175337
412,0.6551823386820008
413,0.6304930408870227
414,0.6201128748123342
415,0.5336419229638182
416,0.36894689457331153
417,0.2948796685838297
418,0.40443819310693313
419,0.6508449859976279
420,0.844955543266057
421,1.0361104431421861
422,1.077010103010141
423,1.1052305899714694
424,1.0179657628083987
425,0.8489988409879844
426,0.622411666171994
427,0.34032817425915707
428,0.14835025771438878
429,0.17943809511945
430,0.39217955582380143
431,0.5364689275790058
432,0.7088515957564236
433,0.6509309254971116
434,0.6392549468351634
435,0.5390279540618815
436,0.4001442783913676
437,0.29006515014910034
438,0.26352577920481934
439,0.37545337358249964
440,0.451258330505498
441,0.5616516149084556
442,0.6503032978510671
443,0.744808663749317
444,0.7746303630451555
445,0.8658117642683802
446,0.9272085312005492
447,1.0143260987832916
448,1.070332657598776
449,1.2047138083433835
450,1.301788416275636
451,1.3100644499034373
452,1.2721372820170562
453,1.220230063604381
454,1.1604917622904711
455,1.080723418877357
456,0.9750591567857554
457,0.9007333540554153
458,0.813833423316142
459,0.7705709185455887
460,0.6731896930014124
461,0.6137786937488673
462,0.5852110989085821
463,0.5004737831896087
464,0.4310229845699036
465,0.3940431966218136
466,0.2782699430142668
467,0.2294776302458869
468,0.1695024477270437
469,0.1675356742844294
470,0.08849038818024613
471,0.028909211227889243
472,0.05440828247821439
473,0.09958530645852165
474,0.18581773754505898
475,0.24844289961017116
476,0.2973722303332818
477,0.32900640864572717
478,0.39609011025891866
479,0.44964722712749516
480,0.5252822516411637
481,0.5863326557072682
482,0.6260658506541557
483,0.6697979483066199
484,0.740141303454025
485,0.8241488935977327
486,0.9132109412377115
487,1.0437918150031988
488,1.1736916060286975
489,1.2213251279363484
490,1.23899616461005
491,1.3072357816106557
492,1.2403166944399486
493,1.1489832860606233
494,1.0749402948828208
495,0.9947497969185225
496,0.8891698001531806
497,0.7301746915568734
498,0.6700892788904136
499,0.5920262026863562
500,0.5006340783636065
501,0.4358002173034593
502,0.3721827683686416
503,0.2807560633681675
504,0.38554142635646965
505,0.5530332676498995
506,0.6129436733553142
507,0.7226925184852993
508,0.7597539137345937
509,0.7783018139401949
510,0.7686289173911445
511,0.5979980009862321
512,0.5366929483117594
513,0.2995840802111179
514,0.18349194036840574
515,0.3428248263619417
516,0.6375123801159517
517,0.8285298470844826
518,1.0232354771559364
519,1.1076553998136058
520,1.1287103831654681
521,1.0174748139647205
522,0.8858615990992957
523,0.7380084078922764
524,0.5185811068434144
525,0.44840519493874453
526,0.45963073395006054
527,0.511639517393885
528,0.6210884903675788
529,0.671963740651827
530,0.7058952021628366
531,0.665701769371562
532,0.6622096295163186
533,0.6554340336623415
534,0.6737972511263571
535,0.6077928452227336
536,0.6083094799288408
537,0.5042295808119425
538,0.4039209251756054
539,0.34511545941633864
540,0.47581740194378164
541,0.6275385734318798
542,0.814043921504841
543,0.9255674071755534
544,0.9695133883866945
545,0.9469033819412701
546,0.9048391524142564
547,0.8272655508698114
548,0.6790919497939433
549,0.5477811667109346
550,0.39608579263723165
551,0.33568754898228753
552,0.4070548312509691
553,0.5435995519554849
554,0.6416524763125512
555,0.7884395639703301
556,0.9023360741654568
557,0.9161700239503439
558,0.983851049032558
559,0.8906001728623181
560,0.779600072109827
561,0.5958617436105115
562,0.364075313426049
563,0.19840236400860176
564,0.24867577970645016
565,0.4363932884686002
566,0.5656989360201083
567,0.6275411608549454
568,0.6538828303372272
569,0.5561865659830008
570,0.45608648393292045
571,0.31800814937928285
572,0.16658780899007378
573,0.2622570837565899
574,0.5197082968943338
575,0.6711391999668659
576,0.7873265136609251
577,0.8322875922104404
578,0.8384446360798951
579,0.8401569406328275
580,0.7713536271786839
581,0.8301689369703019
582,0.9245861337029654
583,1.0207942230223852
584,1.1360990405228244
585,1.184358793444667
586,1.2430551326415855
587,1.2376431598550024
588,1.222176529253113
589,1.1622471857052694
590,1.1228371174476053
591,1.0029805969634094
592,0.9400282464736894
593,0.8944782603566513
594,0.769749930642236
595,0.7100583202293185
596,0.623160108235854
597,0.5135014828257665
598,0.43038454149344835
599,0.35563155920811634
600,0.2560189926451962
601,0.25925217413289425
602,0.1570091774405301
603,0.13725587135497452
604,0.11440304868966703
605,0.027286618129321195
606,0.024546354644270352
607,0.05928561829373008
608,0.11566118285205776
609,0.1939493651945936
610,0.23846007354435303
611,0.32991867406735614
612,0.3800842604813033
613,0.5059601704794645
614,0.5821877750942304
615,0.6683685814381747
616,0.7829798426288188
617,0.8441800368614993
618,0.9275994524038761
619,1.0314613327948843
620,1.034261482283393
621,1.131955481765005
622,1.1731556022935012
623,1.2035011711537447
624,1.1753537116402277
625,1.1950263787417776
626,1.1473761857918363
627,1.0611232145126088
628,0.9718375375694032
629,0.859685667755743
630,0.7784800974476258
631,0.6827611538143213
632,0.654271295005159
633,0.6265764701142766
634,0.6329541951944982
635,0.5619189191340378
636,0.4896314876731111
637,0.39000652161233784
638,0.21849535182949534
639,0.21734286021422372
640,0.3966149608811625
641,0.5308456840999984
642,0.6475610241838932
643,0.7758685272420681
644,0.7675330085835567
645,0.6842780091885197
646,0.5935673522288067
647,0.4201259129699042
648,0.31933651645576283
649,0.3666829738040942
650,0.550104467834938
651,0.7642734931966199
652,0.9185874430662816
653,1.0563798265419424
654,1.0906323897002133
655,1.0684032448087222
656,0.9815694360571429
657,0.8006656772482149
658,0.5730000249550942
659,0.3716321030548703
660,0.25369486730412016
661,0.32001091147620875
662,0.47573758604473754
663,0.6585243772360926
664,0.8222996976580074
665,0.9540522465028582
666,1.0193967773881214
667,0.9919122582726102
668,0.9571759430613125
669,0.8372229503126373
670,0.690678087236507
671,0.5134860873950062
672,0.46200239944408744
673,0.5155845162582711
674,0.5681028897459304
675,0.640190667264888
676,0.6888343897888616
677,0.7475501038491806
678,0.757796709650601
679,0.7375952600275231
680,0.7309325320127509
681,0.6947361782642263
682,0.6638206069572735
683,0.5685103943906125
684,0.39158917190563436
685,0.30579023625553753
686,0.26469178602108434
687,0.5017724492724993
688,0.7980607874969448
689,0.9832343702350383
690,1.1220967728801168
691,1.259471950398889
692,1.1596978948088574
693,1.0414763703990433
694,0.8541331598801254
695,0.6252543028457767
696,0.3684115945240665
697,0.22987809158395042
698,0.28647927886417435
699,0.47708776795339325
700,0.62831956007047
701,0.692763529134562
702,0.7025297831826619
703,0.6336302015233896
704,0.5059122129116069
705,0.3265257052259407
706,0.19879022910774227
707,0.28541262352842944
708,0.4131594005100195
709,0.5800952180015749
710,0.6765778944072486
711,0.7636549080003572
712,0.8325629978659672
713,0.8195532028482745
714,0.86650246100697
715,0.9321940703735101
716,1.052772032334169
717,1.098759636334136
718,1.2035787439923586
719,1.2712613084871498
720,1.2596952572090772
721,1.2514197643632021
722,1.20384710359614
723,1.1562661349154315
724,1.0394564022390915
725,0.941527247500186
726,0.881363458073841
727,0.8101680907974592
728,0.7331729128782739
729,0.6808717999511462
730,0.6377903101871517
731,0.5990788145898136
732,0.5266211137795198
733,0.4496580933651455
734,0.42451083319768346
735,0.3411122718471474
736,0.29978029586912586
737,0.20211065928723385
738,0.13569820372836125
739,0.10630761242334148
740,0.047868521116650006
741,0.0533919950163762
742,0.14611304827226979
743,0.1968113922819535
744,0.2235771514395818
745,0.31578352273041216
746,0.38010131423707566
747,0.44058150244266864
748,0.5005818783637129
749,0.5528611079381712
750,0.6292740445792347
751,0.667322814235404
752,0.7485618554387392
753,0.8158334185215087
754,0.9247929915102372
755,0.9725070929544906
756,1.056950926487907
757,1.1345652948397533
758,1.1943986180629222
759,1.260759537349234
760,1.2281869140993018
761,1.1821671984404571
762,1.1110032041123536
763,1.029146811571173
764,0.8777414539658396
765,0.781243283303579
766,0.694273555580054
767,0.6257260835873547
768,0.5606991073357658
769,0.5827440141047393
770,0.5229922327968732
771,0.45356323159574735
772,0.37672257445403035
773,0.3259054745616205
774,0.3933114671091806
775,0.5398379041499637
776,0.6775824232677381
777,0.7868766494308571
778,0.8099502375178361
779,0.7677550597292407
780,0.7050824024774713
781,0.5836895184334507
782,0.3650619639268628
783,0.24476444145287038
784,0.3692005876645869
785,0.6047843022153749
786,0.8160430320319614
787,1.051981838060772
788,1.1955730860465397
789,1.2200180204039626
790,1.136948258185499
791,0.9750442681305131
792,0.7279742168617244
793,0.5015117221427335
794,0.2547916625292276
795,0.2986388308576301
796,0.44283827991686886
797,0.6008202216870062
798,0.7187607202118109
799,0.7492429839374352
800,0.7831971743822924
801,0.851422053848184
802,0.7324719708670692
803,0.7265691810596189
804,0.67907123973999
805,0.6227056720487457
806,0.5666797165052571
807,0.5055476732283736
808,0.5238225784982126
809,0.5990340216687037
810,0.7263066061419677
811,0.8379819001894536
812,0.9576860493058081
813,0.9831695878514193
814,0.9772892591102607
815,0.9044017197962987
816,0.7465703852026842
817,0.6669565529116203
818,0.4592078823747195
819,0.3237292390380976
820,0.3296156058107859
821,0.472157542198777
822,0.6260143891326381
823,0.806768599378196
824,0.9304915170864393
825,0.9686779171175912
826,1.0764698381737483
827,1.015668854127292
828,0.8949503763667803
829,0.7193252493895265
830,0.5460783647712495
831,0.3386601102132884
832,0.19104724551470278
833,0.27797290023694193
834,0.4516300124115637
835,0.553493395921621
836,0.6265622634127694
837,0.6559239755291157
838,0.5946231450532083
839,0.4520330260579228
840,0.2842710347555432
841,0.1470057457077745
842,0.2374948096396695
843,0.42246198140309976
844,0.6048590255204891
845,0.7225630652076227
846,0.8021430535320279
847,0.7828070628413314
848,0.7644187702098605
849,0.7938932705862828
850,0.8813034803644467
851,0.9654228464186637
852,1.0950871013288725
853,1.1546899537893527
854,1.2005976151990196
855,1.2197811666292127
856,1.218798882269625
857,1.2358887472048667
858,1.199580786224089
859,1.1000136716405036
860,1.0331063788204748
861,0.9903750526268406
862,0.8803814896483636
863,0.776480984202774
864,0.7219021647306724
865,0.6254570320682508
866,0.5384770316053836
867,0.4512393277856992
868,0.4021304148144653
869,0.28190538334954673
870,0.21014302468664453
871,0.1623002586029042
872,0.1046222012155957
873,0.0743883261921099
874,0.06662903718205926
875,0.05131079225689813
876,0.0953134018644608
877,0.17161148366585988
878,0.2192571277447604
879,0.3292594455830126
880,0.40447103039197124
881,0.5326364576378173
882,0.5952573058060512
883,0.6653856251732418
884,0.7315983606691944
885,0.7924646522449655
886,0.8693128789323152
887,0.9135998461918573
888,0.9825877401483308
889,1.0104141909567097
890,1.0679063429790703
891,1.0921071718453188
892,1.1509914229947582
893,1.1464945554208983
894,1.1144615091589776
895,1.082296545256654
896,1.003331885741541
897,0.9337557162091369
898,0.8262760218267757
899,0.7139878765315473
900,0.653094693111386
901,0.6201950789782448
902,0.5987094095931824
903,0.6393384318208675
904,0.5325827845210268
905,0.4719405665945399
906,0.350510700820714
907,0.28356785697815046
908,0.2700638705268231
909,0.4197491066512255
910,0.5717974630943945
911,0.6730154695965764
912,0.7745828009497832
913,0.8005247230269726
914,0.7297796922346682
915,0.6120251641876483
916,0.47834085934662135
917,0.3389925636331177
918,0.4483665557564495
919,0.5948961639621905
920,0.7780114844672219
921,0.9633381656494038
922,1.0985085438353002
923,1.1051782798728027
924,1.0508728105508054
925,0.9724695041507141
926,0.8045487152928045
927,0.6136097224471553
928,0.35260877170333077
929,0.09357851654537437
930,0.21948493308650224
931,0.49386115566958566
932,0.6976021975228168
933,0.8774121304424854
934,1.032308106373818
935,1.0256056050828593
936,1.0036235135348934
937,0.9163307219835869
938,0.7485192772088964
939,0.6307439406290425
940,0.5388880848010088
941,0.5260710664616592
942,0.570393472664627
943,0.6927143829010807
944,0.7364801672984334
945,0.7644439736558213
946,0.7814070391928554
947,0.7504173256763204
948,0.7435442100768874
949,0.7002809602171179
950,0.6771249882928948
951,0.6623896583145931
952,0.5310542136040314
953,0.3214813441994387
954,0.2395314194163651
955,0.3821696856191364
956,0.6030886109203337
957,0.8345431835788826
958,1.052091880830578
959,1.1211633111454176
960,1.1790790352279654
961,1.0799323721172818
962,0.9712959054399505
963,0.7970301062170859
964,0.5339593891781177
965,0.3082142973938417
966,0.18114120806286022
967,0.3401565626434632
968,0.4699345783941799
969,0.6040987533952957
970,0.7357469455730998
971,0.7168970633462247
972,0.7027769911962789
973,0.5317088590878728
974,0.3996235317409866
975,0.28478084488540056
976,0.220095031964544
977,0.3707783286589075
978,0.4860337222098161
979,0.5700370405340831
980,0.6842654448981131
981,0.7674285322719583
982,0.8050357370843871
983,0.9101102093662011
984,0.958670699997821
985,1.0464633913095385
986,1.1172748471980192
987,1.2296943788746748
988,1.2725336607748199
989,1.288575874788589
990,1.2278090430764235
991,1.196954182311365
992,1.117288256843226
993,1.04054084634593
994,0.9636011170224517
995,0.8237283042044206
996,0.7589657632569059
997,0.6822245947290632
998,0.6170208806633267
999,0.5081736677897161
1000,0.4727177678537272
1001,0.4362320968865414
1002,0.3441679202700974
1003,0.3200121984524498
1004,0.25856112056899866
1005,0.2450703397303237
1006,0.21503810513141247
1007,0.1398152595343838
1008,0.06947678503231627
1009,0.07869302428015594
1010,0.011371304590791246
1011,0.09046454855840404
1012,0.1425084923950181
1013,0.22853371921958313
1014,0.30008591140864993
1015,0.36768768866950446
1016,0.42039215255158935
1017,0.5291720465863495
1018,0.552110959452762
1019,0.6466987176162171
1020,0.7197003611874396
1021,0.7638812746721297
1022,0.8568915993795218
1023,0.9292804280838589
1024,0.9987010664745213
1025,1.1176805684168105
1026,1.1689871278260267
1027,1.1986678433796654
1028,1.22013842915488
1029,1.2882396063118944
1030,1.2146908006862815
1031,1.1264201744434665
1032,1.0603946321272035
1033,0.9156634172190247
1034,0.8324321973962627
1035,0.721383071970681
1036,0.6772842690347944
1037,0.660872113832179
1038,0.5309952805411549
1039,0.45357780858006114
1040,0.40882604405012984
1041,0.33697301153960973
1042,0.34027898054708183
1043,0.42442546460439323
1044,0.5477684801937512
1045,0.6889440595865788
1046,0.8064828881772745
1047,0.7998209291419699
1048,0.7701154374267896
1049,0.6557100995301233
1050,0.49157613633230096
1051,0.3143467602931682
1052,0.27602908695298467
1053,0.413437391717995
1054,0.6297373532723245
1055,0.8733316887729309
1056,1.0462600748410535
1057,1.1909086989493516
1058,1.2245742531913872
1059,1.109116534150524
1060,0.9667038818673728
1061,0.7348334514159255
1062,0.4565767115833537
1063,0.18455600813586753
1064,0.18887338206505574
1065,0.4076413701265217
1066,0.5937033302454648
1067,0.7204001114498008
1068,0.7988735409919794
1069,0.7504574394323201
1070,0.7085779963849183
1071,0.6919300307681028
1072,0.6459486570630127
1073,0.6316904119102333
1074,0.6403079828850816
1075,0.6158398919705066
1076,0.6498031910520136
1077,0.6080355253268915
1078,0.658732950062022
1079,0.7566003101306501
1080,0.9048836101514313
1081,0.974604221597208
1082,1.0364670488424783
1083,0.9851645737060252
1084,0.9077640017224523
1085,0.7416002847425116
1086,0.5595265968400432
1087,0.3581623324887746
1088,0.25761874316771494
1089,0.3412347682512963
1090,0.49387706037286916
1091,0.657265342873384
1092,0.7733053845225631
1093,0.911263881703866
1094,0.968185682438852
1095,1.0113116046456725
1096,0.9787001317721689
1097,0.8658361213434024
1098,0.7433706117849672
1099,0.5373284223259077
1100,0.26757136974469675
1101,0.21334618675032543
1102,0.32925249320527405
1103,0.4251844459780921
1104,0.5547911571553326
1105,0.5280378327938878
1106,0.5017478793705161
1107,0.3693303630355132
1108,0.2574636961780985
1109,0.09341084578577119
1110,0.24077888757828375
1111,0.37954507127244186
1112,0.5343730681412147
1113,0.6540985424692124
1114,0.7817971904095525
1115,0.803534669909093
1116,0.7773114835566843
1117,0.7960379579606036
1118,0.8405303677189858
1119,0.8222623600199377
1120,0.9067783320782485
1121,0.9975340596722672
1122,1.1277778266350298
1123,1.2136210984347995
1124,1.2231768576462019
1125,1.2265752830861916
1126,1.2323606110780885
1127,1.1763798007065498
1128,1.0480923393632267
1129,0.9774365736342141
1130,0.9148993175985833
1131,0.8391785400704121
1132,0.7336536778903663
1133,0.6959542146853493
1134,0.6197889303768594
1135,0.5723940752286498
1136,0.49804562962830307
1137,0.41049245973211523
1138,0.3590475216286796
1139,0.28635776755681686
1140,0.23989631457272556
1141,0.14396659946765797
1142,0.11032770260764817
1143,0.08927499067271479
1144,0.12919569058724356
1145,0.15268708809587275
1146,0.23503348518303857
1147,0.3116118546541833
1148,0.38631155407394463
1149,0.4371526979559676
1150,0.5185556598407697
1151,0.5785359335469861
1152,0.7045443610136708
1153,0.7996203007741701
1154,0.829760946405551
1155,0.9139644415488234
1156,0.9731169630731784
1157,1.0080272089296174
1158,1.0941972498503463
1159,1.1241599649461642
1160,1.1669271608635783
1161,1.1865007365118119
1162,1.1570331605296786
1163,1.143894010291739
1164,1.132184019611449
1165,1.066527941242691
1166,0.9253502910920313
1167,0.8553215259608927
1168,0.7834985894386404
1169,0.7271129197839876
1170,0.6558625029645802
1171,0.6558414536981125
1172,0.6005523656097014
1173,0.5982945947019188
1174,0.5197295159302598
1175,0.39694119826892393
1176,0.323657842815647
1177,0.2631194087159224
1178,0.3492680176525352
1179,0.47412677290972977
1180,0.5782347448516872
1181,0.6702295333343801
1182,0.6781359158217584
1183,0.6214239275186388
1184,0.49531597877030303
1185,0.34775627772790185
1186,0.21677829320127376
1187,0.3907227027469289
1188,0.5640121711123074
1189,0.7276783420338722
1190,0.8822401790823307
1191,0.9306904742268135
1192,0.9566366963870249
1193,0.9311604135706513
1194,0.8504631636072145
1195,0.7046876778421045
1196,0.5396216166985246
1197,0.42972261760601904
1198,0.4010818142746862
1199,0.5018902804322934
1200,0.6403349928034707
1201,0.7124028703722793
1202,0.8281461534451273
1203,0.8392959018323031
1204,0.863595426206323
1205,0.8452430002898242
1206,0.7548807107001914
1207,0.7203941642896763
1208,0.6385300408648175
1209,0.6098353671864293
1210,0.6560869370439946
1211,0.6606315844902552
1212,0.7071067383707029
1213,0.7231503546205952
1214,0.7059807790257613
1215,0.7154416153654093
1216,0.6859792144178453
1217,0.7480107608827568
1218,0.7518958166228604
1219,0.695808101304682
1220,0.6171547711717028
1221,0.4569888051860825
1222,0.32214005469368845
1223,0.2242029257328917
1224,0.3598606064264108
1225,0.6016412351671553
1226,0.8551522537482213
1227,1.0126253901524704
1228,1.131408136560545
1229,1.1383679506297264
1230,1.0651012049065391
1231,0.9364500625882589
1232,0.7044206385519953
1233,0.4732823009653042
1234,0.21781656621091636
1235,0.09639284532181919
1236,0.310109520183707
1237,0.4840920253928426
1238,0.5992525349459701
1239,0.7133815405327999
1240,0.6352024615410831
1241,0.5414892251475406
1242,0.41256088175552247
1243,0.2660160243265414
1244,0.23811070923032562
1245,0.3408135931200497
1246,0.5024424385050239
1247,0.615768018321736
1248,0.6882893010214847
1249,0.7752781654497458
1250,0.7855869618479808
1251,0.8586822813343735
1252,0.9351399026420157
1253,1.0617798033238266
1254,1.1912359346409147
1255,1.2877247042746256
1256,1.2887123564491865
1257,1.3411907861903523
1258,1.2777444292345588
1259,1.2144357703076363
1260,1.1759602621534055
1261,1.0053986733960438
1262,0.9619535296071248
1263,0.8894881448019455
1264,0.8137998514796574
1265,0.7182778408143606
1266,0.7012517156112419
1267,0.6327005918907922
1268,0.588168389282059
1269,0.5257733341469972
1270,0.48302200673358814
1271,0.4386122344980765
1272,0.38421556259035117
1273,0.29606370131687976
1274,0.2255490598322991
1275,0.16576533790071432
1276,0.11081731754856208
1277,0.07086844881367851
1278,0.052904127554476786
1279,0.11643830788247418
1280,0.14948960529020608
1281,0.24307193706433428
1282,0.35450011313526864
1283,0.4057585458286916
1284,0.4689622490591861
1285,0.5839106889502147
1286,0.5891240374369173
1287,0.6684206164158603
1288,0.730257563555427
1289,0.7850768608932397
1290,0.8628255724749111
1291,0.9248417053740425
1292,1.026854994699152
1293,1.1062153285186103
1294,1.203054566549455
1295,1.252409620793499
1296,1.2971774859128369
1297,1.3232308606302767
1298,1.3056376899831257
1299,1.2429939404237342
1300,1.1295810265301478
1301,1.0120414638872253
1302,0.9171887055500687
1303,0.8656776348174942
1304,0.7097314140635723
1305,0.6990549019239817
1306,0.6211203777182791
1307,0.5404116804388227
1308,0.44451025804245375
1309,0.3605366487379628
1310,0.33255266003832695
1311,0.39265443625959706
1312,0.516500319861213
1313,0.6331437040163829
1314,0.7384232229762239
1315,0.7692384675335754
1316,0.7632046033494445
1317,0.6704042362420407
1318,0.5822311287337542
1319,0.43171260850771614
1320,0.29561713931725314
1321,0.24144377192432565
1322,0.4361234473284656
1323,0.6861601499268566
1324,0.944234559525103
1325,1.091624347038287
1326,1.0980283572771325
1327,1.1058469704846359
1328,0.9973791816249032
1329,0.840279368693634
1330,0.6599761176209751
1331,0.4362122919872883
1332,0.34160045036969483
1333,0.40110650655604557
1334,0.5387091500738862
1335,0.6450403083685214
1336,0.6786456299685064
1337,0.7266493399428925
1338,0.7108449426632593
1339,0.6976586346550695
1340,0.6566941458062254
1341,0.6117913292640288
1342,0.6499415731636401
1343,0.693851777875013
1344,0.7335504541951434
1345,0.767501397786829
1346,0.7385609157096146
1347,0.7330876065698938
1348,0.7885953067643819
1349,0.8849327200495769
1350,0.9330816526129708
1351,0.9447305224472993
1352,0.9512449633891072
1353,0.8208749067812523
1354,0.7175174153305045
1355,0.5667742822016727
1356,0.475313220564532
1357,0.4610281073162523
1358,0.4598474954000155
1359,0.5396260987064873
1360,0.6386456691431643
1361,0.8118807012831378
1362,0.9852651311641933
1363,1.0160793998692053
1364,1.0004106735709963
1365,0.9576640039865277
1366,0.8235428240136738
1367,0.64594857333103
1368,0.41827711701472986
1369,0.22096451415666898
1370,0.2385183079154305
1371,0.4727591536990896
1372,0.6215657551141137
1373,0.7351287410160968
1374,0.7605043205382026
1375,0.668815378008976
1376,0.5588599369838255
1377,0.3589355148929841
1378,0.2136041284703151
1379,0.18580851726022682
1380,0.3608421093000582
1381,0.4956272278481239
1382,0.6609617627783347
1383,0.7892624587220808
1384,0.7518721870397289
1385,0.7468549364637973
1386,0.825596482484129
1387,0.8273036646319721
1388,0.9003898614968752
1389,0.9788362996939609
1390,1.0959289567345938
1391,1.1464476167975512
1392,1.1872692252423684
1393,1.266247606498027
1394,1.2533762186671102
1395,1.2069066946986013
1396,1.1748222044770344
1397,1.0492488004731995
1398,1.0255958466573916
1399,0.9465539143444986
1400,0.8491945165996235
1401,0.7872530937877833
1402,0.7356044418715887
1403,0.6621894063712894
1404,0.5720869449992739
1405,0.4798881543912536
1406,0.3786893808448821
1407,0.32203315914398184
1408,0.2607004669003828
1409,0.14152946677538417
1410,0.0646512450006991
1411,0.013559155108769979
1412,0.07573530502203436
1413,0.09158029911780281
1414,0.138968068262622
1415,0.20554038614541859
1416,0.19655648003151838
1417,0.23701080568933047
1418,0.37503342051999217
1419,0.412947182216162
1420,0.4938147799892013
1421,0.587145339715977
1422,0.6725099380925422
1423,0.7997094489482832
1424,0.8529415676064641
1425,0.9451892532351546
1426,1.0224724783452317
1427,1.0538001860066435
1428,1.1076312060021642
1429,1.1130384468930699
1430,1.1435817470159828
1431,1.1601727205892158
1432,1.1418484286396875
1433,1.0557375133959845
1434,0.9890337448733092
1435,0.8674037498109567
1436,0.7377162800731117
1437,0.6339521350507947
1438,0.5588159854429076
1439,0.51385274564882
1440,0.5477088052905102
1441,0.5151563751750359
1442,0.48607035450813746
1443,0.49006469992881196
1444,0.314240767741101
1445,0.24783670999321253
1446,0.2888519455345131
1447,0.44733116818218677
1448,0.6099828823971215
1449,0.7203006685806884
1450,0.7248984177712365
1451,0.7287155316505978
1452,0.5992664473844102
1453,0.46577521081816203
1454,0.2995760907850411
1455,0.3378425247785391
1456,0.49664811158165784
1457,0.686558649819711
1458,0.8982778434430665
1459,1.028823354160523
1460,1.0676288424769134
1461,1.0511501719860064
1462,0.9621537170132674
1463,0.8108732939596208
1464,0.7235706637299444
1465,0.5426213404571185
1466,0.3286489603650529
1467,0.2720521648299476
1468,0.35506310021033005
1469,0.5871593910459634
1470,0.7609577533803841
1471,0.9717422183071142
1472,0.9920082383290294
1473,0.9595028162397311
1474,0.9351796365491685
1475,0.80501677293454
1476,0.7098869967708574
1477,0.6060039671383928
1478,0.5617324719576112
1479,0.5916295117248055
1480,0.6063595357002236
1481,0.66410652012496
1482,0.7074022822964521
1483,0.7598708295917569
1484,0.8170275875042282
1485,0.8011617706509732
1486,0.8562562025019815
1487,0.7882669911484482
1488,0.735400711301585
1489,0.6030409184009758
1490,0.44766624615955564
1491,0.2849003381587836
1492,0.19015482947750745
1493,0.36552520107855324
1494,0.621836604181526
1495,0.8703998792662269
1496,1.0078232856338636
1497,1.1488232503265225
1498,1.1143493849163915
1499,1.0700607220054283
1500,0.9191268335537239
1501,0.6853847362952115
1502,0.4016492183587051
1503,0.15506618242681428
1504,0.1755376860744732
1505,0.3745100890943296
1506,0.5344576336983973
1507,0.6706886107040169
1508,0.7209612691934572
1509,0.7110144604089186
1510,0.6021083607878394
1511,0.5026996050930992
1512,0.3632806102864308
1513,0.23483587969120526
1514,0.27871985353445133
1515,0.45657701117666977
1516,0.6167412804363241
1517,0.745548096057905
1518,0.8000801477431108
1519,0.8863625213767033
1520,0.9567379855082425
1521,0.962156670209209
1522,1.0327462149038438
1523,1.1194810690862549
1524,1.2361813816875444
1525,1.25085541064842
1526,1.3153039388832484
1527,1.336105963808201
1528,1.2932896716473148
1529,1.2307399218117878
1530,1.1068314517211404
1531,1.0300298786886184
1532,0.96563523314665
1533,0.8480456265465208
1534,0.7417565349236547
1535,0.6647939622344191
1536,0.6128272200567005
1537,0.5726019532045941
1538,0.5250292747754608
1539,0.45928546796226577
1540,0.398352662153411
1541,0.3285992659797836
1542,0.2855088665203887
1543,0.24015083572063803
1544,0.17980386548440191
1545,0.09880821941876984
1546,0.09556186387634928
1547,0.056196838292940074
1548,0.1426933394797885
1549,0.18548722847614604
1550,0.22711799273704422
1551,0.34358076201324605
1552,0.43493297959003274
1553,0.43499205731686874
1554,0.47886735719427975
1555,0.5216590957006408
1556,0.5864708518880954
1557,0.7068996746889461
1558,0.7266974032638945
1559,0.8349277775247456
1560,0.9239221973896006
1561,1.028445503591839
1562,1.138265662575669
1563,1.2039079706841123
1564,1.2674952832079076
1565,1.3265727706705435
1566,1.3141931660720065
1567,1.2873845789907836
1568,1.2109687348266465
1569,1.192694252750181
1570,1.1076175301131168
1571,0.9951447536684431
1572,0.9549877966141467
1573,0.866479922001604
1574,0.7715036040383872
1575,0.7272222800480072
1576,0.5796462664619529
1577,0.49011488553941845
1578,0.35502552787413133
1579,0.31594144058306506
1580,0.4096245573836956
1581,0.5521681810975426
1582,0.6937163650167316
1583,0.7681970896564703
1584,0.7981767838751218
1585,0.7846121055947997
1586,0.7170196737527014
1587,0.543689379629603
1588,0.38059746090753943
1589,0.15698784079339834
1590,0.20319284456607614
1591,0.4852514104907828
1592,0.7516744397020857
1593,0.9132491516557254
1594,1.0537807097869065
1595,1.1269096111278596
1596,1.0396936980477538
1597,0.9578066055969107
1598,0.7503043286819089
1599,0.566374831646575
1600,0.4793713539603332
1601,0.39904359159089
1602,0.4379975546279568
1603,0.5678420780709166
1604,0.6537330295058416
1605,0.6745276731527018
1606,0.6826999336448183
1607,0.6347916656061496
1608,0.5369029858107467
1609,0.561333984705655
1610,0.6318051564326875
1611,0.6897202312736413
1612,0.7731731758426039
1613,0.7547041047467318
1614,0.7054465342619392
1615,0.6516306193059299
1616,0.6545878676436754
1617,0.7663738600806149
1618,0.88108613681634
1619,0.9080364451663462
1620,0.9261990705761638
1621,0.9385917850883234
1622,0.8000342175993141
1623,0.7005702989684776
1624,0.542636001812903
1625,0.38411308653635645
1626,0.23809112989127051
1627,0.3496937743944862
1628,0.5409108997270243
1629,0.6918550730496398
1630,0.868848794666142
1631,0.9490239001983873
1632,0.9896744799605984
1633,0.990454358514488
1634,0.9198231014778858
1635,0.8014647024723697
1636,0.5914584785111869
1637,0.3797799531912314
1638,0.21796889557471338
1639,0.2143735893288092
1640,0.396521107317289
1641,0.4879485718069611
1642,0.5736824166190181
1643,0.5678115158671251
1644,0.511069108957299
1645,0.3569418806992948
1646,0.16355176496785934
1647,0.14242521600305671
1648,0.3554197592871885
1649,0.5582256511941747
1650,0.7167179286795532
1651,0.8113059576065891
1652,0.7731135079968119
1653,0.8339521532872078
1654,0.7372462063128657
1655,0.777881879878592
1656,0.8144367862493174
1657,0.8883513281062053
1658,0.9899837548294768
1659,1.1227599630980347
1660,1.1703523948519512
1661,1.2270393050881707
1662,1.2619852742564617
1663,1.2435378472688483
1664,1.2117563335369896
1665,1.200291075622616
1666,1.1168530514688026
1667,1.0205544647342426
1668,0.9199192445173544
1669,0.8488331271063918
1670,0.7731238749196454
1671,0.6615807641180473
1672,0.5913234619104487
1673,0.46759759722910954
1674,0.4055945722922064
1675,0.34899027307166797
1676,0.256844947198565
1677,0.22819653764326106
1678,0.15066505716640496
1679,0.10548179174174743
1680,0.02628242015464705
1681,0.017551973617665247
1682,0.06431831574825911
1683,0.1316429761165881
1684,0.1967858379981782
1685,0.25803298777293365
1686,0.3571293478821049
1687,0.47314374458698066
1688,0.5389792804226609
1689,0.6670051611646146
1690,0.7726868982093342
1691,0.8132099473585532
1692,0.8756248299832765
1693,0.9009022382988389
1694,0.9904194262100724
1695,1.0288171153310757
1696,1.1298058991540894
1697,1.121918502972153
1698,1.193111649446167
1699,1.232479941390292
1700,1.1668437204955213
1701,1.1693686625590827
1702,1.0753009392798365
1703,1.0221405141853157
1704,0.9052520113173464
1705,0.8324332017776122
1706,0.7076438560486433
1707,0.6052540364615753
1708,0.5828695229757134
1709,0.5727700116248634
1710,0.5634067881526992
1711,0.4902742071701272
1712,0.3827857307918093
1713,0.24954028441061113
1714,0.24569779074438702
1715,0.36416209981515163
1716,0.5485607930501746
1717,0.6424491336062299
1718,0.7430495468463386
1719,0.7059202763310439
1720,0.628149376266492
1721,0.5248691409575237
1722,0.33895166784304215
1723,0.2712902676310826
1724,0.2970204892961534
1725,0.453980725491325
1726,0.6617111205567991
1727,0.8574168523895034
1728,0.9785287144719886
1729,1.0275754188217106
1730,1.037489576360525
1731,1.0009942047832745
1732,0.8326290626955192
1733,0.6878367717571414
1734,0.5391947355740617
1735,0.3083690632146328
1736,0.15650987312745893
1737,0.2851695265530106
1738,0.5255773823254871
1739,0.7166892033503376
1740,0.8512428781788887
1741,0.881567546261662
1742,0.885062897886293
1743,0.8610572151741447
1744,0.7759996978415047
1745,0.678298055087778
1746,0.6495586143729416
1747,0.6039587099846598
1748,0.6118072895539955
1749,0.6301417159786947
1750,0.6138327346167403
1751,0.6644619501487016
1752,0.6661748988454925
1753,0.6260763045614812
1754,0.5953012287958983
1755,0.6070896754577708
1756,0.6492091873045754
1757,0.6755848226479584
1758,0.6132443639843423
1759,0.5526413296604004
1760,0.37096965603585663
1761,0.25432643876204236
1762,0.4336614181349267
1763,0.6610779325804372
1764,0.850355632107302
1765,1.044702882701481
1766,1.072835085904711
1767,1.0283953534091803
1768,0.9743898571926808
1769,0.7911621394076004
1770,0.6035514990354253
1771,0.33897395591242374
1772,0.0973071981691288
1773,0.16142755048486127
1774,0.3351660641719762
1775,0.49983195489985
1776,0.5462239674491859
1777,0.5664592040337869
1778,0.49590053410811585
1779,0.3712275543863023
1780,0.22797550115862933
1781,0.26284216966075347
1782,0.3973878454513791
1783,0.5315379646235505
1784,0.7068094104192496
1785,0.8798640967425253
1786,0.9621540548759006
1787,1.0186972155958411
1788,1.104229931547677
1789,1.1474617566991614
1790,1.148785985605177
1791,1.2154179390630695
1792,1.250165130659392
1793,1.3084595086671003
1794,1.3518209503451875
1795,1.3114189511005825
1796,1.299928184257749
1797,1.287941702396249
1798,1.1993811328801143
1799,1.1467184634795597
1800,1.0950031273905543
1801,0.9915399588423901
1802,0.903075103128217
1803,0.8609575715808838
1804,0.7543792706240906
1805,0.7189550131809408
1806,0.5993781617678686
1807,0.5246173733949667
1808,0.4652556035070926
1809,0.4293579221409646
1810,0.3216533794190347
1811,0.25781862810276207
1812,0.21637065235950076
1813,0.1401450162513204
1814,0.11217076723411912
1815,0.036679236479018176
1816,0.09168666801641907
1817,0.11831896923818737
1818,0.23290059903945973
1819,0.29160859005784473
1820,0.33463726490798035
1821,0.42258416029065105
1822,0.4541891092880344
1823,0.5806484979909332
1824,0.6168456997698034
1825,0.6544255024003767
1826,0.7162172958105705
1827,0.7714049894948128
1828,0.8928035767025632
1829,0.9683558020162351
1830,1.0535972346526068
1831,1.0936740185465903
1832,1.19094074461191
1833,1.2731118202674323
1834,1.3102592495906635
1835,1.3529944809556136
1836,1.2907849605649926
1837,1.2252639244380532
1838,1.1974195561743706
1839,1.095078493037589
1840,1.0143690523663826
1841,0.8971945782178594
1842,0.7827256372450793
1843,0.7110725510855355
1844,0.6142816619854055
1845,0.5261266143983366
1846,0.4038778678476832
1847,0.3532452178177435
1848,0.3365419168158207
1849,0.4234200809872898
1850,0.5514041192294459
1851,0.658377575247101
1852,0.7395384569771438
1853,0.757819288141653
1854,0.7981133764693051
1855,0.6948613836697342
1856,0.5588818294326059
1857,0.3193827734818827
1858,0.11989427318885809
1859,0.2169345061226227
1860,0.42382047749048957
1861,0.6972766609305805
1862,0.9370066329953811
1863,1.0395186869816604
1864,1.1069872406242653
1865,1.0748282736578263
1866,0.9392924378642975
1867,0.7288602187847388
1868,0.4756847703925035
1869,0.3818300573799668
1870,0.488647672590143
1871,0.6382068038482367
1872,0.7410915104152157
1873,0.7698608477186071
1874,0.7246639159869239
1875,0.6404447750735772
1876,0.5742145215931803
1877,0.5891721861442493
1878,0.5942624515836914
1879,0.6247924243747265
1880,0.6560106938583232
1881,0.6158025218843507
1882,0.6075248669616136
1883,0.6246030466369452
1884,0.6380365987816856
1885,0.6943538552574922
1886,0.8052225928724217
1887,0.8318346551211901
1888,0.8590024476467404
1889,0.8428039603482541
1890,0.7996789196350398
1891,0.7378440106410321
1892,0.6715900098145271
1893,0.6166463863583397
1894,0.5396578638572238
1895,0.5140021825069138
1896,0.5062406098852276
1897,0.5576228541208434
1898,0.6766096831277584
1899,0.8135686995225433
1900,0.9153165528175704
1901,0.9347920219375484
1902,0.9205480493078294
1903,0.8887092720146871
1904,0.7325464827172206
1905,0.5038072436558345
1906,0.3053166281613233
1907,0.16005434783203418
1908,0.23121644209743364
1909,0.3730107286202977
1910,0.4585197739349126
1911,0.5191019983560874
1912,0.4662587122914507
1913,0.3069150163565338
1914,0.13639101999637265
1915,0.15496586673673673
1916,0.3645419605372861
1917,0.5652116509720727
1918,0.7184810825988576
1919,0.8453343217898592
1920,0.9105174240893636
1921,0.8955462860317799
1922,0.9097506288099437
1923,0.9550766764903904
1924,0.9332000673673507
1925,0.9767900755561939
1926,1.037288629775877
1927,1.0931342626476979
1928,1.1966872077507082
1929,1.2446957971678718
1930,1.2495037924789083
1931,1.2769934855801326
1932,1.215663745342537
1933,1.1690666024681093
1934,1.1564156388352231
1935,1.0584179845226713
1936,1.0228335647058389
1937,0.9539823601401198
1938,0.8380683295610126
1939,0.7821178517373268
1940,0.6461519327210133
1941,0.5952746915405631
1942,0.4986041536082248
1943,0.4173174568124048
1944,0.3542524111766781
1945,0.31345181158921404
1946,0.2252245691027225
1947,0.17956655526656928
1948,0.13252699991817796
1949,0.09141059246589371
1950,0.12452783379508002
1951,0.13753076434542838
1952,0.17509201395644994
1953,0.29423514736335005
1954,0.338313554074806
1955,0.41375637353582984
1956,0.5530516974482356
1957,0.6007003371054755
1958,0.6874120288300885
1959,0.7653519119383267
1960,0.8267761923409521
1961,0.881103664883113
1962,0.978515802318994
1963,1.009125754124744
1964,1.0617533445987255
1965,1.1300426904665055
1966,1.1479582165825657
1967,1.233214358786303
1968,1.2451559482615346
1969,1.23871720221299
1970,1.2094463412720242
1971,1.1127234337309675
1972,1.0513921707936231
1973,0.961976188593769
1974,0.8323586728059518
1975,0.7512362488907666
1976,0.6875809049858111
1977,0.6666508767877256
1978,0.5904486226861614
1979,0.49580232677907055
1980,0.3851622531670566
1981,0.2986432615374237
1982,0.18884776481551527
1983,0.25800608188158225
1984,0.4165981545138126
1985,0.5810397217436323
1986,0.6755972863421539
1987,0.7336046354102767
1988,0.7089801257973402
1989,0.6657134346419978
1990,0.5340076568904497
1991,0.36667741588457003
1992,0.2235807798235707
1993,0.25518965381604314
1994,0.400963537987668
1995,0.5966426225372341
1996,0.7645169816822377
1997,0.8835672435869166
1998,0.9982760763389418
1999,0.9754433816455432
